"State","District","ElectionDate","TotalVotes","Name","CandidateID","CandidateParty","Votes","Leader","VotesCounted"
"AL","District 1","2024-11-05",327761,"Moore","moore-b","Republican",257310,TRUE,"99"
"AL","District 1","2024-11-05",327761,"Holmes","holmes-t","Democrat",70451,FALSE,"99"
"AL","District 2","2024-11-05",287939,"Figures","figures-s","Democrat",157092,TRUE,"99"
"AL","District 2","2024-11-05",287939,"Dobson","dobson-c","Republican",130847,FALSE,"99"
"AL","District 3","2024-11-05",0,"Rogers","rogers-m","Republican",0,FALSE,"NA"
"AL","District 4","2024-11-05",0,"Aderholt","aderholt-r","Republican",0,FALSE,"NA"
"AL","District 5","2024-11-05",0,"Strong","strong-d","Republican",0,FALSE,"NA"
"AL","District 6","2024-11-05",345684,"Palmer","palmer-g","Republican",243418,TRUE,"99"
"AL","District 6","2024-11-05",345684,"Anderson","anderson-e","Democrat",102266,FALSE,"99"
"AL","District 7","2024-11-05",292575,"Sewell","sewell-t","Democrat",186407,TRUE,"99"
"AL","District 7","2024-11-05",292575,"Litaker","litaker-r","Republican",106168,FALSE,"99"
"AK","District 1","2024-11-05",253011,"Begich","begich-n","Republican",125195,TRUE,"76.48"
"AK","District 1","2024-11-05",253011,"Peltola","peltola-m","Democrat",114918,FALSE,"76.48"
"AK","District 1","2024-11-05",253011,"Howe","howe-j","Alaskan Independence",9855,FALSE,"76.48"
"AK","District 1","2024-11-05",253011,"Hafner","hafner-e","Democrat",2483,FALSE,"76.48"
"AK","District 1","2024-11-05",253011,"Total Write-ins","total_writeins","",560,FALSE,"76.48"
"AZ","District 1","2024-11-05",379745,"Schweikert","schweikert-d","Republican",198705,TRUE,"83.8"
"AZ","District 1","2024-11-05",379745,"Shah","shah-a","Democrat",181040,FALSE,"83.8"
"AZ","District 2","2024-11-05",361152,"Crane","crane-e","Republican",195385,TRUE,"86.7"
"AZ","District 2","2024-11-05",361152,"Nez","nez-j","Democrat",165767,FALSE,"86.7"
"AZ","District 3","2024-11-05",161694,"Ansari","ansari-y","Democrat",113698,TRUE,"83.8"
"AZ","District 3","2024-11-05",161694,"Zink","zink-j","Republican",44175,FALSE,"83.8"
"AZ","District 3","2024-11-05",161694,"Aversa","aversa-a","Green",3821,FALSE,"83.8"
"AZ","District 4","2024-11-05",281271,"Stanton","stanton-g","Democrat",147009,TRUE,"83.8"
"AZ","District 4","2024-11-05",281271,"Cooper","cooper-k","Republican",129682,FALSE,"83.8"
"AZ","District 4","2024-11-05",281271,"Beck-Jones","beckjones-v","Green",4580,FALSE,"83.8"
"AZ","District 5","2024-11-05",373894,"Biggs","biggs-a","Republican",227232,TRUE,"86.45"
"AZ","District 5","2024-11-05",373894,"Schaffner","schaffner-k","Democrat",146662,FALSE,"86.45"
"AZ","District 6","2024-11-05",338327,"Ciscomani","ciscomani-j","Republican",166152,TRUE,"75.64"
"AZ","District 6","2024-11-05",338327,"Engel","engel-k","Democrat",164357,FALSE,"75.64"
"AZ","District 6","2024-11-05",338327,"Eastwood","eastwood-a","Green",7818,FALSE,"75.64"
"AZ","District 7","2024-11-05",200239,"Grijalva","grijalva-r","Democrat",126582,TRUE,"75.23"
"AZ","District 7","2024-11-05",200239,"Butierez","butierez-d","Republican",73657,FALSE,"75.23"
"AZ","District 8","2024-11-05",320002,"Hamadeh","hamadeh-a","Republican",181968,TRUE,"83.8"
"AZ","District 8","2024-11-05",320002,"Whitten","whitten-g","Democrat",138034,FALSE,"83.8"
"AZ","District 9","2024-11-05",321872,"Gosar","gosar-p","Republican",212960,TRUE,"82.9"
"AZ","District 9","2024-11-05",321872,"Smith","smith-q","Democrat",108912,FALSE,"82.9"
"AR","District 1","2024-11-05",266686,"Crawford","crawford-r","Republican",194433,TRUE,"99"
"AR","District 1","2024-11-05",266686,"Govens","govens-r","Democrat",63917,FALSE,"99"
"AR","District 1","2024-11-05",266686,"Parsons","parsons-s","Libertarian",8336,FALSE,"99"
"AR","District 2","2024-11-05",305764,"Hill","hill-f","Republican",180285,TRUE,"99"
"AR","District 2","2024-11-05",305764,"Jones","jones-m","Democrat",125479,FALSE,"99"
"AR","District 3","2024-11-05",300489,"Womack","womack-s","Republican",191788,TRUE,"98.9"
"AR","District 3","2024-11-05",300489,"Draper","draper-c","Democrat",95396,FALSE,"98.9"
"AR","District 3","2024-11-05",300489,"Wilson","wilson-b","Libertarian",13305,FALSE,"98.9"
"AR","District 4","2024-11-05",269678,"Westerman","westerman-b","Republican",196672,TRUE,"99"
"AR","District 4","2024-11-05",269678,"Howard","howard-r","Democrat",73006,FALSE,"99"
"CA","District 1","2024-11-05",211994,"LaMalfa","lamalfa-d","Republican",134900,TRUE,"57.71"
"CA","District 1","2024-11-05",211994,"Yee","yee-r","Democrat",77094,FALSE,"57.71"
"CA","District 2","2024-11-05",239802,"Huffman","huffman-j","Democrat",172314,TRUE,"52.36"
"CA","District 2","2024-11-05",239802,"Coulombe","coulombe-c","Republican",67488,FALSE,"52.36"
"CA","District 3","2024-11-05",300295,"Kiley","kiley-k","Republican",170208,TRUE,"69.98"
"CA","District 3","2024-11-05",300295,"Morse","morse-j","Democrat",130087,FALSE,"69.98"
"CA","District 4","2024-11-05",221583,"Thompson","thompson-m","Democrat",144198,TRUE,"57.99"
"CA","District 4","2024-11-05",221583,"Munn","munn-j","Republican",77385,FALSE,"57.99"
"CA","District 5","2024-11-05",300376,"McClintock","mcclintock-t","Republican",188098,TRUE,"75.98"
"CA","District 5","2024-11-05",300376,"Barkley","barkley-m","Democrat",112278,FALSE,"75.98"
"CA","District 6","2024-11-05",179975,"Bera","bera-a","Democrat",103067,TRUE,"59.81"
"CA","District 6","2024-11-05",179975,"Bish","bish-c","Republican",76908,FALSE,"59.81"
"CA","District 7","2024-11-05",181539,"Matsui","matsui-d","Democrat",118725,TRUE,"57.94"
"CA","District 7","2024-11-05",181539,"Silva","silva-t","Republican",62814,FALSE,"57.94"
"CA","District 8","2024-11-05",238251,"Garamendi","garamendi-j","Democrat",175455,TRUE,"77.52"
"CA","District 8","2024-11-05",238251,"Recile","recile-r","Republican",62796,FALSE,"77.52"
"CA","District 9","2024-11-05",167032,"Harder","harder-j","Democrat",85528,TRUE,"63.96"
"CA","District 9","2024-11-05",167032,"Lincoln","lincoln-k","Republican",81504,FALSE,"63.96"
"CA","District 10","2024-11-05",306136,"DeSaulnier","desaulnier-m","Democrat",203881,TRUE,"76.93"
"CA","District 10","2024-11-05",306136,"Piccinini","piccinini-k","Republican",102255,FALSE,"76.93"
"CA","District 11","2024-11-05",216569,"Pelosi","pelosi-n","Democrat",175165,TRUE,"56"
"CA","District 11","2024-11-05",216569,"Lou","lou-b","Republican",41404,FALSE,"56"
"CA","District 12","2024-11-05",130426,"Simon","simon-l","Democrat",82906,TRUE,"37.7"
"CA","District 12","2024-11-05",130426,"Tran","tran-j","Democrat",47520,FALSE,"37.7"
"CA","District 13","2024-11-05",130089,"Duarte","duarte-j","Republican",66675,TRUE,"61.73"
"CA","District 13","2024-11-05",130089,"Gray","gray-a","Democrat",63414,FALSE,"61.73"
"CA","District 14","2024-11-05",144499,"Swalwell","swalwell-e","Democrat",94789,TRUE,"44.47"
"CA","District 14","2024-11-05",144499,"Kruttiventi","kruttiventi-v","Republican",49710,FALSE,"44.47"
"CA","District 15","2024-11-05",198328,"Mullin","mullin-k","Democrat",143170,TRUE,"59.6"
"CA","District 15","2024-11-05",198328,"Kramer","kramer-a","Republican",55158,FALSE,"59.6"
"CA","District 16","2024-11-05",232303,"Liccardo","liccardo-s","Democrat",137519,TRUE,"63.48"
"CA","District 16","2024-11-05",232303,"Low","low-e","Democrat",94784,FALSE,"63.48"
"CA","District 17","2024-11-05",168669,"Khanna","khanna-r","Democrat",112323,TRUE,"58.85"
"CA","District 17","2024-11-05",168669,"Chen","chen-a","Republican",56346,FALSE,"58.85"
"CA","District 18","2024-11-05",148783,"Lofgren","lofgren-z","Democrat",94729,TRUE,"56.52"
"CA","District 18","2024-11-05",148783,"Hernandez","hernandez-p","Republican",54054,FALSE,"56.52"
"CA","District 19","2024-11-05",266247,"Panetta","panetta-j","Democrat",186066,TRUE,"64.07"
"CA","District 19","2024-11-05",266247,"Anderson","anderson-j","Republican",80181,FALSE,"64.07"
"CA","District 20","2024-11-05",194550,"Fong","fong-v","Republican",125796,TRUE,"59.15"
"CA","District 20","2024-11-05",194550,"Boudreaux","boudreaux-m","Republican",68754,FALSE,"59.15"
"CA","District 21","2024-11-05",130631,"Costa","costa-j","Democrat",65967,TRUE,"63.27"
"CA","District 21","2024-11-05",130631,"Maher","maher-m","Republican",64664,FALSE,"63.27"
"CA","District 22","2024-11-05",115419,"Valadao","valadao-d","Republican",62900,TRUE,"66.01"
"CA","District 22","2024-11-05",115419,"Salas","salas-r","Democrat",52519,FALSE,"66.01"
"CA","District 23","2024-11-05",171937,"Obernolte","obernolte-j","Republican",103849,TRUE,"65.17"
"CA","District 23","2024-11-05",171937,"Marshall","marshall-d","Democrat",68088,FALSE,"65.17"
"CA","District 24","2024-11-05",241379,"Carbajal","carbajal-s","Democrat",151271,TRUE,"62.26"
"CA","District 24","2024-11-05",241379,"Cole","cole-t","Republican",90108,FALSE,"62.26"
"CA","District 25","2024-11-05",164506,"Ruiz","ruiz-r","Democrat",92934,TRUE,"57.33"
"CA","District 25","2024-11-05",164506,"Weeks","weeks-i","Republican",71572,FALSE,"57.33"
"CA","District 26","2024-11-05",241429,"Brownley","brownley-j","Democrat",131653,TRUE,"64.41"
"CA","District 26","2024-11-05",241429,"Koslow","koslow-m","Republican",109776,FALSE,"64.41"
"CA","District 27","2024-11-05",253149,"Garcia","garcia-m","Republican",127061,TRUE,"77.03"
"CA","District 27","2024-11-05",253149,"Whitesides","whitesides-g","Democrat",126088,FALSE,"77.03"
"CA","District 28","2024-11-05",253004,"Chu","chu-j","Democrat",163483,TRUE,"71.21"
"CA","District 28","2024-11-05",253004,"Verlato","verlato-a","Republican",89521,FALSE,"71.21"
"CA","District 29","2024-11-05",172193,"Rivas","rivas-l","Democrat",118506,TRUE,"66.48"
"CA","District 29","2024-11-05",172193,"Bernal","bernal-b","Republican",53687,FALSE,"66.48"
"CA","District 30","2024-11-05",263460,"Friedman","friedman-l","Democrat",178429,TRUE,"76.75"
"CA","District 30","2024-11-05",263460,"Balekian","balekian-a","Republican",85031,FALSE,"76.75"
"CA","District 31","2024-11-05",206999,"Cisneros","cisneros-g","Democrat",120631,TRUE,"69.64"
"CA","District 31","2024-11-05",206999,"Martinez","martinez-d","Republican",86368,FALSE,"69.64"
"CA","District 32","2024-11-05",269131,"Sherman","sherman-b","Democrat",175974,TRUE,"73.4"
"CA","District 32","2024-11-05",269131,"Thompson","thompson-l","Republican",93157,FALSE,"73.4"
"CA","District 33","2024-11-05",135356,"Aguilar","aguilar-p","Democrat",77213,TRUE,"55.67"
"CA","District 33","2024-11-05",135356,"Herman","herman-t","Republican",58143,FALSE,"55.67"
"CA","District 34","2024-11-05",150094,"Gomez","gomez-j","Democrat",84472,TRUE,"63.43"
"CA","District 34","2024-11-05",150094,"Kim","kim-d","Democrat",65622,FALSE,"63.43"
"CA","District 35","2024-11-05",145552,"Torres","torres-n","Democrat",82423,TRUE,"57.42"
"CA","District 35","2024-11-05",145552,"Cargile","cargile-m","Republican",63129,FALSE,"57.42"
"CA","District 36","2024-11-05",299414,"Lieu","lieu-t","Democrat",202753,TRUE,"76.83"
"CA","District 36","2024-11-05",299414,"Toomim","toomim-m","Republican",96661,FALSE,"76.83"
"CA","District 37","2024-11-05",164024,"Kamlager-Dove","kamlagerdove-s","Democrat",128704,TRUE,"63.18"
"CA","District 37","2024-11-05",164024,"Rey","rey-j","Independent",35320,FALSE,"63.18"
"CA","District 38","2024-11-05",222037,"Sanchez","sanchez-l","Democrat",128919,TRUE,"67.27"
"CA","District 38","2024-11-05",222037,"Ching","ching-e","Republican",93118,FALSE,"67.27"
"CA","District 39","2024-11-05",161028,"Takano","takano-m","Democrat",89868,TRUE,"58.99"
"CA","District 39","2024-11-05",161028,"Serpa","serpa-d","Republican",71160,FALSE,"58.99"
"CA","District 40","2024-11-05",314089,"Kim","kim-y","Republican",176617,TRUE,"77.83"
"CA","District 40","2024-11-05",314089,"Kerr","kerr-j","Democrat",137472,FALSE,"77.83"
"CA","District 41","2024-11-05",260572,"Calvert","calvert-k","Republican",133976,TRUE,"56.94"
"CA","District 41","2024-11-05",260572,"Rollins","rollins-w","Democrat",126596,FALSE,"56.94"
"CA","District 42","2024-11-05",180808,"Garcia","garcia-r","Democrat",120002,TRUE,"65.7"
"CA","District 42","2024-11-05",180808,"Briscoe","briscoe-j","Republican",60806,FALSE,"65.7"
"CA","District 43","2024-11-05",171961,"Waters","waters-m","Democrat",127904,TRUE,"66.25"
"CA","District 43","2024-11-05",171961,"Williams","williams-s","Republican",44057,FALSE,"66.25"
"CA","District 44","2024-11-05",181833,"Barragan","barragan-n","Democrat",126979,TRUE,"63.91"
"CA","District 44","2024-11-05",181833,"Groh","groh-r","Republican",54854,FALSE,"63.91"
"CA","District 45","2024-11-05",258356,"Steel","steel-m","Republican",132973,TRUE,"75.89"
"CA","District 45","2024-11-05",258356,"Tran","tran-d","Democrat",125383,FALSE,"75.89"
"CA","District 46","2024-11-05",163236,"Correa","correa-l","Democrat",100589,TRUE,"68.3"
"CA","District 46","2024-11-05",163236,"Pan","pan-d","Republican",62647,FALSE,"68.3"
"CA","District 47","2024-11-05",286414,"Min","min-d","Democrat",143746,TRUE,"78.68"
"CA","District 47","2024-11-05",286414,"Baugh","baugh-s","Republican",142668,FALSE,"78.68"
"CA","District 48","2024-11-05",281022,"Issa","issa-d","Republican",168332,TRUE,"69.34"
"CA","District 48","2024-11-05",281022,"Houlahan","houlahan-s","Democrat",112690,FALSE,"69.34"
"CA","District 49","2024-11-05",305040,"Levin","levin-m","Democrat",157394,TRUE,"79.75"
"CA","District 49","2024-11-05",305040,"Gunderson","gunderson-m","Republican",147646,FALSE,"79.75"
"CA","District 50","2024-11-05",281448,"Peters","peters-s","Democrat",178989,TRUE,"79.6"
"CA","District 50","2024-11-05",281448,"Bono","bono-p","Republican",102459,FALSE,"79.6"
"CA","District 51","2024-11-05",250948,"Jacobs","jacobs-s","Democrat",150332,TRUE,"75.04"
"CA","District 51","2024-11-05",250948,"Wells","wells-b","Republican",100616,FALSE,"75.04"
"CA","District 52","2024-11-05",187957,"Vargas","vargas-j","Democrat",122452,TRUE,"67.44"
"CA","District 52","2024-11-05",187957,"Lee","lee-j","Republican",65505,FALSE,"67.44"
"CO","District 1","2024-11-05",316815,"DeGette","degette-d","Democrat",243969,TRUE,"87.04"
"CO","District 1","2024-11-05",316815,"Archuleta","archuleta-v","Republican",67238,FALSE,"87.04"
"CO","District 1","2024-11-05",316815,"Milton","milton-c","Unity",3553,FALSE,"87.04"
"CO","District 1","2024-11-05",316815,"Lutz","lutz-d","Other",2055,FALSE,"87.04"
"CO","District 2","2024-11-05",406362,"Neguse","neguse-j","Democrat",277984,TRUE,"93.03"
"CO","District 2","2024-11-05",406362,"Dawson","dawson-m","Republican",117619,FALSE,"93.03"
"CO","District 2","2024-11-05",406362,"Kent","kent-g","Libertarian",4967,FALSE,"93.03"
"CO","District 2","2024-11-05",406362,"Munhos de Aquino Sirianni","munhos_de_aquino_sirianni-c","Unity",3530,FALSE,"93.03"
"CO","District 2","2024-11-05",406362,"Kok","kok-j","Other",2262,FALSE,"93.03"
"CO","District 3","2024-11-05",381304,"Hurd","hurd-j","Republican",191469,TRUE,"92.66"
"CO","District 3","2024-11-05",381304,"Frisch","frisch-a","Democrat",177375,FALSE,"92.66"
"CO","District 3","2024-11-05",381304,"Wiley","wiley-j","Libertarian",9890,FALSE,"92.66"
"CO","District 3","2024-11-05",381304,"Withrow","withrow-a","Unity",2570,FALSE,"92.66"
"CO","District 4","2024-11-05",436704,"Boebert","boebert-l","Republican",233852,TRUE,"93.3"
"CO","District 4","2024-11-05",436704,"Calvarese","calvarese-t","Democrat",184230,FALSE,"93.3"
"CO","District 4","2024-11-05",436704,"Goodman","goodman-h","Libertarian",11246,FALSE,"93.3"
"CO","District 4","2024-11-05",436704,"Atwood","atwood-f","Other",6006,FALSE,"93.3"
"CO","District 4","2024-11-05",436704,"Fiorino","fiorino-p","Unity",1370,FALSE,"93.3"
"CO","District 5","2024-11-05",339242,"Crank","crank-j","Republican",185630,TRUE,"90.61"
"CO","District 5","2024-11-05",339242,"Gassen","gassen-r","Democrat",139368,FALSE,"90.61"
"CO","District 5","2024-11-05",339242,"Vance","vance-m","Libertarian",5632,FALSE,"90.61"
"CO","District 5","2024-11-05",339242,"Gaye","gaye-j","Independent",3636,FALSE,"90.61"
"CO","District 5","2024-11-05",339242,"Mitchell","mitchell-c","Other",3523,FALSE,"90.61"
"CO","District 5","2024-11-05",339242,"Sweat","sweat-c","Other",1453,FALSE,"90.61"
"CO","District 6","2024-11-05",326584,"Crow","crow-j","Democrat",192636,TRUE,"91.72"
"CO","District 6","2024-11-05",326584,"Fabbricatore","fabbricatore-j","Republican",126000,FALSE,"91.72"
"CO","District 6","2024-11-05",326584,"Kittleson","kittleson-j","Libertarian",4333,FALSE,"91.72"
"CO","District 6","2024-11-05",326584,"Nicks","nicks-t","Other",3615,FALSE,"91.72"
"CO","District 7","2024-11-05",423282,"Pettersen","pettersen-b","Democrat",234310,TRUE,"96.81"
"CO","District 7","2024-11-05",423282,"Matveyuk","matveyuk-s","Republican",174157,FALSE,"96.81"
"CO","District 7","2024-11-05",423282,"Bohan","bohan-p","Libertarian",9599,FALSE,"96.81"
"CO","District 7","2024-11-05",423282,"Tupa","tupa-r","Unity",5216,FALSE,"96.81"
"CO","District 8","2024-11-05",313676,"Evans","evans-g","Republican",153491,TRUE,"86.18"
"CO","District 8","2024-11-05",313676,"Caraveo","caraveo-y","Democrat",151496,FALSE,"86.18"
"CO","District 8","2024-11-05",313676,"Baum","baum-c","Other",5300,FALSE,"86.18"
"CO","District 8","2024-11-05",313676,"Hall","hall-s","Unity",3389,FALSE,"86.18"
"CT","District 1","2024-11-05",319040,"Larson","larson-j","Democrat",202835,TRUE,"96.59"
"CT","District 1","2024-11-05",319040,"Griffin","griffin-j","Republican",109656,FALSE,"96.59"
"CT","District 1","2024-11-05",319040,"Sanders","sanders-m","Green",6549,FALSE,"96.59"
"CT","District 2","2024-11-05",376040,"Courtney","courtney-j","Democrat",218162,TRUE,"98.98"
"CT","District 2","2024-11-05",376040,"France","france-m","Republican",157878,FALSE,"98.98"
"CT","District 3","2024-11-05",334819,"DeLauro","delauro-r","Democrat",196954,TRUE,"98.99"
"CT","District 3","2024-11-05",334819,"Massey","massey-m","Republican",137865,FALSE,"98.99"
"CT","District 4","2024-11-05",328913,"Himes","himes-j","Democrat",200601,TRUE,"99"
"CT","District 4","2024-11-05",328913,"Goldstein","goldstein-m","Republican",123033,FALSE,"99"
"CT","District 4","2024-11-05",328913,"Wesley","wesley-b","Independent",5279,FALSE,"99"
"CT","District 5","2024-11-05",330555,"Hayes","hayes-j","Democrat",176713,TRUE,"96.59"
"CT","District 5","2024-11-05",330555,"Logan","logan-g","Republican",153842,FALSE,"96.59"
"DE","District 1","2024-11-05",497350,"McBride","mcbride-s","Democrat",287783,TRUE,"99"
"DE","District 1","2024-11-05",497350,"Whalen","whalen-j","Republican",209567,FALSE,"99"
"FL","District 1","2024-11-05",414904,"Gaetz","gaetz-m","Republican",274023,TRUE,"99"
"FL","District 1","2024-11-05",414904,"Valimont","valimont-g","Democrat",140881,FALSE,"99"
"FL","District 2","2024-11-05",402173,"Dunn","dunn-n","Republican",247919,TRUE,"99"
"FL","District 2","2024-11-05",402173,"Bailey","bailey-y","Democrat",154254,FALSE,"99"
"FL","District 3","2024-11-05",391410,"Cammack","cammack-k","Republican",241158,TRUE,"99"
"FL","District 3","2024-11-05",391410,"Wells","wells-t","Democrat",150252,FALSE,"99"
"FL","District 4","2024-11-05",388197,"Bean","bean-a","Republican",222338,TRUE,"99"
"FL","District 4","2024-11-05",388197,"Holloway","holloway-l","Democrat",165859,FALSE,"99"
"FL","District 5","2024-11-05",423891,"Rutherford","rutherford-j","Republican",267419,TRUE,"99"
"FL","District 5","2024-11-05",423891,"McGovern","mcgovern-j","Democrat",156472,FALSE,"99"
"FL","District 6","2024-11-05",427360,"Waltz","waltz-m","Republican",284378,TRUE,"99"
"FL","District 6","2024-11-05",427360,"Stockton","stockton-j","Democrat",142982,FALSE,"99"
"FL","District 7","2024-11-05",413726,"Mills","mills-c","Republican",233895,TRUE,"99"
"FL","District 7","2024-11-05",413726,"Adams","adams-j","Democrat",179831,FALSE,"99"
"FL","District 8","2024-11-05",450336,"Haridopolos","haridopolos-m","Republican",280312,TRUE,"99"
"FL","District 8","2024-11-05",450336,"Kennedy","kennedy-s","Democrat",170024,FALSE,"99"
"FL","District 9","2024-11-05",324137,"Soto","soto-d","Democrat",178700,TRUE,"99"
"FL","District 9","2024-11-05",324137,"Chalifoux","chalifoux-t","Republican",138028,FALSE,"99"
"FL","District 9","2024-11-05",324137,"Carter","carter-m","Independent",7409,FALSE,"99"
"FL","District 10","2024-11-05",290708,"Frost","frost-m","Democrat",181311,TRUE,"99"
"FL","District 10","2024-11-05",290708,"Montague","montague-w","Republican",109397,FALSE,"99"
"FL","District 11","2024-11-05",445855,"Webster","webster-d","Republican",269217,TRUE,"99"
"FL","District 11","2024-11-05",445855,"Harden Hall","harden_hall-b","Democrat",176638,FALSE,"99"
"FL","District 12","2024-11-05",431383,"Bilirakis","bilirakis-g","Republican",306465,TRUE,"99"
"FL","District 12","2024-11-05",431383,"Aboujaoude","aboujaoude-r","Democrat",124918,FALSE,"99"
"FL","District 13","2024-11-05",411495,"Luna","luna-a","Republican",225618,TRUE,"99"
"FL","District 13","2024-11-05",411495,"Fox","fox-w","Democrat",185877,FALSE,"99"
"FL","District 14","2024-11-05",350116,"Castor","castor-k","Democrat",199371,TRUE,"99"
"FL","District 14","2024-11-05",350116,"Rochford","rochford-r","Republican",145626,FALSE,"99"
"FL","District 14","2024-11-05",350116,"Bradley","bradley-c","Independent",2595,FALSE,"99"
"FL","District 14","2024-11-05",350116,"Snyder","snyder-n","Libertarian",2524,FALSE,"99"
"FL","District 15","2024-11-05",347624,"Lee","lee-l","Republican",195314,TRUE,"99"
"FL","District 15","2024-11-05",347624,"Kemp","kemp-p","Democrat",152310,FALSE,"99"
"FL","District 16","2024-11-05",416029,"Buchanan","buchanan-v","Republican",247470,TRUE,"99"
"FL","District 16","2024-11-05",416029,"Schneider","schneider-j","Democrat",168559,FALSE,"99"
"FL","District 17","2024-11-05",456136,"Steube","steube-g","Republican",291450,TRUE,"99"
"FL","District 17","2024-11-05",456136,"Lopez","lopez-m","Democrat",164686,FALSE,"99"
"FL","District 18","2024-11-05",344768,"Franklin","franklin-s","Republican",225158,TRUE,"99"
"FL","District 18","2024-11-05",344768,"Kale","kale-a","Democrat",119610,FALSE,"99"
"FL","District 19","2024-11-05",415637,"Donalds","donalds-b","Republican",275675,TRUE,"99"
"FL","District 19","2024-11-05",415637,"Lerner","lerner-k","Democrat",139962,FALSE,"99"
"FL","District 20","2024-11-05",0,"Cherfilus-McCormick","cherfilusmccormick-s","Democrat",0,FALSE,"NA"
"FL","District 21","2024-11-05",448591,"Mast","mast-b","Republican",277388,TRUE,"98.86"
"FL","District 21","2024-11-05",448591,"Witkop","witkop-t","Democrat",171203,FALSE,"98.86"
"FL","District 22","2024-11-05",366668,"Frankel","frankel-l","Democrat",201486,TRUE,"99"
"FL","District 22","2024-11-05",366668,"Franzese","franzese-d","Republican",165182,FALSE,"99"
"FL","District 23","2024-11-05",374111,"Moskowitz","moskowitz-j","Democrat",196176,TRUE,"99"
"FL","District 23","2024-11-05",374111,"Kaufman","kaufman-j","Republican",177935,FALSE,"99"
"FL","District 24","2024-11-05",285490,"Wilson","wilson-f","Democrat",194827,TRUE,"99"
"FL","District 24","2024-11-05",285490,"Navarro","navarro-j","Republican",90663,FALSE,"99"
"FL","District 25","2024-11-05",342974,"Wasserman Schultz","wasserman_schultz-d","Democrat",186822,TRUE,"99"
"FL","District 25","2024-11-05",342974,"Eddy","eddy-c","Republican",156152,FALSE,"99"
"FL","District 26","2024-11-05",306187,"Diaz-Balart","diazbalart-m","Republican",217174,TRUE,"99"
"FL","District 26","2024-11-05",306187,"Atkins","atkins-j","Democrat",89013,FALSE,"99"
"FL","District 27","2024-11-05",329789,"Salazar","salazar-m","Republican",199134,TRUE,"99"
"FL","District 27","2024-11-05",329789,"Baez-Geller","baezgeller-l","Democrat",130655,FALSE,"99"
"FL","District 28","2024-11-05",325292,"Gimenez","gimenez-c","Republican",210044,TRUE,"99"
"FL","District 28","2024-11-05",325292,"Ehr","ehr-p","Democrat",115248,FALSE,"99"
"GA","District 1","2024-11-05",355653,"Carter","carter-b","Republican",220487,TRUE,"99"
"GA","District 1","2024-11-05",355653,"Hewitt","hewitt-p","Democrat",135166,FALSE,"99"
"GA","District 2","2024-11-05",312269,"Bishop","bishop-s","Democrat",175841,TRUE,"99"
"GA","District 2","2024-11-05",312269,"Johnson","johnson-w","Republican",136428,FALSE,"99"
"GA","District 3","2024-11-05",411598,"Jack","jack-b","Republican",272938,TRUE,"98.85"
"GA","District 3","2024-11-05",411598,"Keller","keller-m","Democrat",138660,FALSE,"98.85"
"GA","District 4","2024-11-05",302951,"Johnson","johnson-h","Democrat",228980,TRUE,"99"
"GA","District 4","2024-11-05",302951,"Yu","yu-e","Republican",73971,FALSE,"99"
"GA","District 5","2024-11-05",343082,"Williams","williams-n","Democrat",293958,TRUE,"99"
"GA","District 5","2024-11-05",343082,"Salvesen","salvesen-j","Republican",49124,FALSE,"99"
"GA","District 6","2024-11-05",370463,"McBath","mcbath-l","Democrat",276665,TRUE,"99"
"GA","District 6","2024-11-05",370463,"Criswell","criswell-j","Republican",93798,FALSE,"99"
"GA","District 7","2024-11-05",425056,"McCormick","mccormick-r","Republican",275718,TRUE,"99"
"GA","District 7","2024-11-05",425056,"Christian","christian-b","Democrat",149338,FALSE,"99"
"GA","District 8","2024-11-05",335670,"Scott","scott-a","Republican",231405,TRUE,"98.97"
"GA","District 8","2024-11-05",335670,"Butler","butler-d","Democrat",104265,FALSE,"98.97"
"GA","District 9","2024-11-05",392509,"Clyde","clyde-a","Republican",270917,TRUE,"99"
"GA","District 9","2024-11-05",392509,"Cash","cash-t","Democrat",121592,FALSE,"99"
"GA","District 10","2024-11-05",406520,"Collins","collins-m","Republican",256331,TRUE,"99"
"GA","District 10","2024-11-05",406520,"Doherty","doherty-l","Democrat",150189,FALSE,"99"
"GA","District 11","2024-11-05",400223,"Loudermilk","loudermilk-b","Republican",269532,TRUE,"99"
"GA","District 11","2024-11-05",400223,"Stamper","stamper-k","Democrat",130691,FALSE,"99"
"GA","District 12","2024-11-05",340938,"Allen","allen-r","Republican",205706,TRUE,"99"
"GA","District 12","2024-11-05",340938,"Johnson","johnson-e","Democrat",135232,FALSE,"99"
"GA","District 13","2024-11-05",357413,"Scott","scott-d","Democrat",256754,TRUE,"99"
"GA","District 13","2024-11-05",357413,"Chavez","chavez-j","Republican",100659,FALSE,"99"
"GA","District 14","2024-11-05",377708,"Greene","greene-m","Republican",243219,TRUE,"99"
"GA","District 14","2024-11-05",377708,"Harris","harris-s","Democrat",134489,FALSE,"99"
"HI","District 1","2024-11-05",228147,"Case","case-e","Democrat",163921,TRUE,"99"
"HI","District 1","2024-11-05",228147,"Largey","largey-p","Republican",64226,FALSE,"99"
"HI","District 2","2024-11-05",249546,"Tokuda","tokuda-j","Democrat",165881,TRUE,"99"
"HI","District 2","2024-11-05",249546,"Bond","bond-s","Republican",75282,FALSE,"99"
"HI","District 2","2024-11-05",249546,"Toman","toman-a","Libertarian",4475,FALSE,"99"
"HI","District 2","2024-11-05",249546,"Meyer","meyer-r","Nonpartisan",3908,FALSE,"99"
"ID","District 1","2024-11-05",466099,"Fulcher","fulcher-r","Republican",331052,TRUE,"99"
"ID","District 1","2024-11-05",466099,"Peterson","peterson-k","Democrat",118528,FALSE,"99"
"ID","District 1","2024-11-05",466099,"Loesby","loesby-m","Libertarian",9588,FALSE,"99"
"ID","District 1","2024-11-05",466099,"Gomez","gomez-b","Constitution",6931,FALSE,"99"
"ID","District 2","2024-11-05",407460,"Simpson","simpson-m","Republican",250117,TRUE,"99"
"ID","District 2","2024-11-05",407460,"Roth","roth-d","Democrat",126229,FALSE,"99"
"ID","District 2","2024-11-05",407460,"Corsetti","corsetti-t","Libertarian",21310,FALSE,"99"
"ID","District 2","2024-11-05",407460,"Law","law-i","Constitution",9804,FALSE,"99"
"IL","District 1","2024-11-05",298345,"Jackson","jackson-j","Democrat",192628,TRUE,"95.89"
"IL","District 1","2024-11-05",298345,"Lewis","lewis-m","Republican",105717,FALSE,"95.89"
"IL","District 2","2024-11-05",278797,"Kelly","kelly-r","Democrat",186071,TRUE,"98.17"
"IL","District 2","2024-11-05",278797,"Ramos","ramos-a","Republican",92726,FALSE,"98.17"
"IL","District 3","2024-11-05",240308,"Ramirez","ramirez-d","Democrat",157971,TRUE,"94.59"
"IL","District 3","2024-11-05",240308,"Booras","booras-j","Republican",82337,FALSE,"94.59"
"IL","District 4","2024-11-05",194403,"Garcia","garcia-c","Democrat",129847,TRUE,"97.29"
"IL","District 4","2024-11-05",194403,"Castillo","castillo-l","Republican",54614,FALSE,"97.29"
"IL","District 4","2024-11-05",194403,"Hershey","hershey-e","Working Class",9942,FALSE,"97.29"
"IL","District 5","2024-11-05",322676,"Quigley","quigley-m","Democrat",216332,TRUE,"96.54"
"IL","District 5","2024-11-05",322676,"Hanson","hanson-t","Republican",106344,FALSE,"96.54"
"IL","District 6","2024-11-05",350032,"Casten","casten-s","Democrat",187568,TRUE,"98.58"
"IL","District 6","2024-11-05",350032,"Conforti","conforti-n","Republican",162464,FALSE,"98.58"
"IL","District 7","2024-11-05",240155,"Davis","davis-d","Democrat",198545,TRUE,"92.38"
"IL","District 7","2024-11-05",240155,"Koppie","koppie-c","Republican",41610,FALSE,"92.38"
"IL","District 8","2024-11-05",292872,"Krishnamoorthi","krishnamoorthi-r","Democrat",165082,TRUE,"98.99"
"IL","District 8","2024-11-05",292872,"Rice","rice-m","Republican",127790,FALSE,"98.99"
"IL","District 9","2024-11-05",306148,"Schakowsky","schakowsky-j","Democrat",204252,TRUE,"98.3"
"IL","District 9","2024-11-05",306148,"Cohen","cohen-s","Republican",101896,FALSE,"98.3"
"IL","District 10","2024-11-05",310519,"Schneider","schneider-b","Democrat",184010,TRUE,"99"
"IL","District 10","2024-11-05",310519,"Carris","carris-j","Republican",126509,FALSE,"99"
"IL","District 11","2024-11-05",353083,"Foster","foster-b","Democrat",195488,TRUE,"99"
"IL","District 11","2024-11-05",353083,"Evans","evans-j","Republican",157595,FALSE,"99"
"IL","District 12","2024-11-05",361442,"Bost","bost-m","Republican",269343,TRUE,"98.03"
"IL","District 12","2024-11-05",361442,"Roberts","roberts-b","Democrat",92099,FALSE,"98.03"
"IL","District 13","2024-11-05",316726,"Budzinski","budzinski-n","Democrat",182646,TRUE,"99"
"IL","District 13","2024-11-05",316726,"Loyd","loyd-j","Republican",134080,FALSE,"99"
"IL","District 14","2024-11-05",326489,"Underwood","underwood-l","Democrat",178960,TRUE,"99"
"IL","District 14","2024-11-05",326489,"Marter","marter-j","Republican",147529,FALSE,"99"
"IL","District 15","2024-11-05",0,"Miller","miller-m","Republican",0,FALSE,"NA"
"IL","District 16","2024-11-05",0,"LaHood","lahood-d","Republican",0,FALSE,"NA"
"IL","District 17","2024-11-05",309032,"Sorensen","sorensen-e","Democrat",167639,TRUE,"98.71"
"IL","District 17","2024-11-05",309032,"McGraw","mcgraw-j","Republican",141393,FALSE,"98.71"
"IN","District 1","2024-11-05",322196,"Mrvan","mrvan-f","Democrat",172118,TRUE,"99"
"IN","District 1","2024-11-05",322196,"Niemeyer","niemeyer-r","Republican",144886,FALSE,"99"
"IN","District 1","2024-11-05",322196,"Miskus","miskus-d","Libertarian",5192,FALSE,"99"
"IN","District 2","2024-11-05",288533,"Yakym","yakym-r","Republican",180818,TRUE,"99"
"IN","District 2","2024-11-05",288533,"Camp","camp-l","Democrat",99979,FALSE,"99"
"IN","District 2","2024-11-05",288533,"Henry","henry-w","Libertarian",7736,FALSE,"99"
"IN","District 3","2024-11-05",311471,"Stutzman","stutzman-m","Republican",202610,TRUE,"99"
"IN","District 3","2024-11-05",311471,"Adolph","adolph-k","Democrat",97846,FALSE,"99"
"IN","District 3","2024-11-05",311471,"Lancaster","lancaster-j","Libertarian",11015,FALSE,"99"
"IN","District 4","2024-11-05",324162,"Baird","baird-j","Republican",210250,TRUE,"99"
"IN","District 4","2024-11-05",324162,"Holder","holder-d","Democrat",100173,FALSE,"99"
"IN","District 4","2024-11-05",324162,"Groff","groff-a","Libertarian",13739,FALSE,"99"
"IN","District 5","2024-11-05",357982,"Spartz","spartz-v","Republican",202549,TRUE,"99"
"IN","District 5","2024-11-05",357982,"Pickett","pickett-d","Democrat",136180,FALSE,"99"
"IN","District 5","2024-11-05",357982,"Slaughter","slaughter-r","Independent",9732,FALSE,"99"
"IN","District 5","2024-11-05",357982,"Shillings","shillings-l","Libertarian",9521,FALSE,"99"
"IN","District 6","2024-11-05",313520,"Shreve","shreve-j","Republican",200494,TRUE,"99"
"IN","District 6","2024-11-05",313520,"Wirth","wirth-c","Democrat",99361,FALSE,"99"
"IN","District 6","2024-11-05",313520,"Sceniak","sceniak-j","Libertarian",13665,FALSE,"99"
"IN","District 7","2024-11-05",271799,"Carson","carson-a","Democrat",185733,TRUE,"99"
"IN","District 7","2024-11-05",271799,"Schmitz","schmitz-j","Republican",78707,FALSE,"99"
"IN","District 7","2024-11-05",271799,"Johnson","johnson-r","Libertarian",7359,FALSE,"99"
"IN","District 8","2024-11-05",323436,"Messmer","messmer-m","Republican",219843,TRUE,"99"
"IN","District 8","2024-11-05",323436,"Hurt","hurt-e","Democrat",95219,FALSE,"99"
"IN","District 8","2024-11-05",323436,"Fitzlaff","fitzlaff-r","Libertarian",8374,FALSE,"99"
"IN","District 9","2024-11-05",341767,"Houchin","houchin-e","Republican",220576,TRUE,"98.95"
"IN","District 9","2024-11-05",341767,"Peck","peck-t","Democrat",111901,FALSE,"98.95"
"IN","District 9","2024-11-05",341767,"Brooksbank","brooksbank-r","Libertarian",9290,FALSE,"98.95"
"IA","District 1","2024-11-05",412564,"Miller-Meeks","millermeeks-m","Republican",206680,TRUE,"99"
"IA","District 1","2024-11-05",412564,"Bohannan","bohannan-c","Democrat",205884,FALSE,"99"
"IA","District 2","2024-11-05",408504,"Hinson","hinson-a","Republican",233195,TRUE,"98.49"
"IA","District 2","2024-11-05",408504,"Corkery","corkery-s","Democrat",169939,FALSE,"98.49"
"IA","District 2","2024-11-05",408504,"Madlom Puffett","madlom_puffett-j","Independent",5370,FALSE,"98.49"
"IA","District 3","2024-11-05",411402,"Nunn","nunn-z","Republican",213625,TRUE,"99"
"IA","District 3","2024-11-05",411402,"Baccam","baccam-l","Democrat",197777,FALSE,"99"
"IA","District 4","2024-11-05",366886,"Feenstra","feenstra-r","Republican",246320,TRUE,"97.22"
"IA","District 4","2024-11-05",366886,"Melton","melton-r","Democrat",120566,FALSE,"97.22"
"KS","District 1","2024-11-05",297310,"Mann","mann-t","Republican",205888,TRUE,"99"
"KS","District 1","2024-11-05",297310,"Buskirk","buskirk-p","Democrat",91422,FALSE,"99"
"KS","District 2","2024-11-05",296808,"Schmidt","schmidt-d","Republican",169418,TRUE,"99"
"KS","District 2","2024-11-05",296808,"Boyda","boyda-n","Democrat",113598,FALSE,"99"
"KS","District 2","2024-11-05",296808,"Hauer","hauer-j","Libertarian",13792,FALSE,"99"
"KS","District 3","2024-11-05",386062,"Davids","davids-s","Democrat",206010,TRUE,"99"
"KS","District 3","2024-11-05",386062,"Reddy","reddy-p","Republican",164639,FALSE,"99"
"KS","District 3","2024-11-05",386062,"Roberts","roberts-s","Libertarian",15413,FALSE,"99"
"KS","District 4","2024-11-05",296694,"Estes","estes-r","Republican",193339,TRUE,"99"
"KS","District 4","2024-11-05",296694,"Freeman","freeman-e","Democrat",103355,FALSE,"99"
"KY","District 1","2024-11-05",338028,"Comer","comer-j","Republican",252534,TRUE,"99"
"KY","District 1","2024-11-05",338028,"Marshall","marshall-e","Democrat",85494,FALSE,"99"
"KY","District 2","2024-11-05",345855,"Guthrie","guthrie-b","Republican",252826,TRUE,"99"
"KY","District 2","2024-11-05",345855,"Linderman","linderman-h","Democrat",93029,FALSE,"99"
"KY","District 3","2024-11-05",327813,"McGarvey","mcgarvey-m","Democrat",203100,TRUE,"99"
"KY","District 3","2024-11-05",327813,"Craven","craven-m","Republican",124713,FALSE,"99"
"KY","District 4","2024-11-05",0,"Massie","massie-t","Republican",0,FALSE,"NA"
"KY","District 5","2024-11-05",0,"Rogers","rogers-h","Republican",0,FALSE,"NA"
"KY","District 6","2024-11-05",348416,"Barr","barr-a","Republican",220881,TRUE,"99"
"KY","District 6","2024-11-05",348416,"Cravens","cravens-r","Democrat",127535,FALSE,"99"
"LA","District 1","2024-11-05",357638,"Scalise","scalise-s","Republican",238805,TRUE,"99"
"LA","District 1","2024-11-05",357638,"Manuel","manuel-m","Democrat",85881,FALSE,"99"
"LA","District 1","2024-11-05",357638,"Arrington","arrington-r","Republican",17850,FALSE,"99"
"LA","District 1","2024-11-05",357638,"Shales","shales-r","Republican",8323,FALSE,"99"
"LA","District 1","2024-11-05",357638,"Hyers","hyers-j","Independent",6779,FALSE,"99"
"LA","District 2","2024-11-05",305021,"Carter","carter-t","Democrat",183899,TRUE,"99"
"LA","District 2","2024-11-05",305021,"Lynch","lynch-c","Republican",41635,FALSE,"99"
"LA","District 2","2024-11-05",305021,"Graham","graham-d","Republican",39160,FALSE,"99"
"LA","District 2","2024-11-05",305021,"Davis","davis-d","Democrat",32453,FALSE,"99"
"LA","District 2","2024-11-05",305021,"Perrilloux","perrilloux-s","Republican",7874,FALSE,"99"
"LA","District 3","2024-11-05",320678,"Higgins","higgins-c","Republican",226276,TRUE,"99"
"LA","District 3","2024-11-05",320678,"Gonzalez","gonzalez-p","Democrat",59834,FALSE,"99"
"LA","District 3","2024-11-05",320678,"Summerlin","summerlin-s","Democrat",21322,FALSE,"99"
"LA","District 3","2024-11-05",320678,"John","john-x","Republican",13246,FALSE,"99"
"LA","District 4","2024-11-05",306228,"Johnson","johnson-m","Republican",262804,TRUE,"99"
"LA","District 4","2024-11-05",306228,"Morott","morott-j","Republican",43424,FALSE,"99"
"LA","District 5","2024-11-05",319704,"Letlow","letlow-j","Republican",200991,TRUE,"99"
"LA","District 5","2024-11-05",319704,"Vallien","vallien-m","Democrat",82900,FALSE,"99"
"LA","District 5","2024-11-05",319704,"Mendoza","mendoza-v","Republican",35813,FALSE,"99"
"LA","District 6","2024-11-05",296015,"Fields","fields-c","Democrat",150312,TRUE,"99"
"LA","District 6","2024-11-05",296015,"Guillory","guillory-e","Republican",111733,FALSE,"99"
"LA","District 6","2024-11-05",296015,"Anderson","anderson-q","Democrat",23810,FALSE,"99"
"LA","District 6","2024-11-05",296015,"Williams","williams-p","Democrat",6251,FALSE,"99"
"LA","District 6","2024-11-05",296015,"Jones","jones-w","Democrat",3909,FALSE,"99"
"ME","District 1","2024-11-05",423123,"Pingree","pingree-c","Democrat",245748,TRUE,"98.48"
"ME","District 1","2024-11-05",423123,"Russell","russell-r","Republican",153343,FALSE,"98.48"
"ME","District 1","2024-11-05",423123,"Alcorn","alcorn-e","Independent",20625,FALSE,"98.48"
"ME","District 1","2024-11-05",423123,"Total Write-ins","total_writeins","",3407,FALSE,"98.48"
"ME","District 2","2024-11-05",385581,"Golden","golden-j","Democrat",192788,TRUE,"97.78"
"ME","District 2","2024-11-05",385581,"Theriault","theriault-a","Republican",191562,FALSE,"97.78"
"ME","District 2","2024-11-05",385581,"Total Write-ins","total_writeins","",1231,FALSE,"97.78"
"MD","District 1","2024-11-05",391343,"Harris","harris-a","Republican",236373,TRUE,"89.36"
"MD","District 1","2024-11-05",391343,"Miller","miller-b","Democrat",143090,FALSE,"89.36"
"MD","District 1","2024-11-05",391343,"Oâ€™Brien","obrien-j","Libertarian",11880,FALSE,"89.36"
"MD","District 2","2024-11-05",353083,"Olszewski","olszewski-j","Democrat",201507,TRUE,"93.78"
"MD","District 2","2024-11-05",353083,"Klacik","klacik-k","Republican",144175,FALSE,"93.78"
"MD","District 2","2024-11-05",353083,"Wunder","wunder-j","Libertarian",7401,FALSE,"93.78"
"MD","District 3","2024-11-05",376624,"Elfreth","elfreth-s","Democrat",221973,TRUE,"92.51"
"MD","District 3","2024-11-05",376624,"Steinberger","steinberger-r","Republican",144975,FALSE,"92.51"
"MD","District 3","2024-11-05",376624,"Barajas","barajas-m","Libertarian",9676,FALSE,"92.51"
"MD","District 4","2024-11-05",227494,"Ivey","ivey-g","Democrat",201334,TRUE,"76.57"
"MD","District 4","2024-11-05",227494,"McDermott","mcdermott-g","Republican",26160,FALSE,"76.57"
"MD","District 5","2024-11-05",379404,"Hoyer","hoyer-s","Democrat",252779,TRUE,"92.04"
"MD","District 5","2024-11-05",379404,"Talkington","talkington-m","Republican",126625,FALSE,"92.04"
"MD","District 6","2024-11-05",347085,"McClain Delaney","mcclain_delaney-a","Democrat",179668,TRUE,"91.16"
"MD","District 6","2024-11-05",347085,"Parrott","parrott-n","Republican",167417,FALSE,"91.16"
"MD","District 7","2024-11-05",251382,"Mfume","mfume-k","Democrat",200085,TRUE,"85.44"
"MD","District 7","2024-11-05",251382,"Collier","collier-s","Republican",45378,FALSE,"85.44"
"MD","District 7","2024-11-05",251382,"Owens-Bey","owensbey-r","Libertarian",5919,FALSE,"85.44"
"MD","District 8","2024-11-05",301828,"Raskin","raskin-j","Democrat",228285,TRUE,"82.99"
"MD","District 8","2024-11-05",301828,"Riley","riley-c","Republican",66144,FALSE,"82.99"
"MD","District 8","2024-11-05",301828,"Wallace","wallace-n","Green",7399,FALSE,"82.99"
"MA","District 1","2024-11-05",353448,"Neal","neal-r","Democrat",220934,TRUE,"99"
"MA","District 1","2024-11-05",353448,"Milleron","milleron-n","Independent",132514,FALSE,"99"
"MA","District 2","2024-11-05",360152,"McGovern","mcgovern-j","Democrat",247197,TRUE,"99"
"MA","District 2","2024-11-05",360152,"Shea","shea-c","Independent",112955,FALSE,"99"
"MA","District 3","2024-11-05",0,"Trahan","trahan-l","Democrat",0,FALSE,"NA"
"MA","District 4","2024-11-05",0,"Auchincloss","auchincloss-j","Democrat",0,FALSE,"NA"
"MA","District 5","2024-11-05",0,"Clark","clark-k","Democrat",0,FALSE,"NA"
"MA","District 6","2024-11-05",0,"Moulton","moulton-s","Democrat",0,FALSE,"NA"
"MA","District 7","2024-11-05",0,"Pressley","pressley-a","Democrat",0,FALSE,"NA"
"MA","District 8","2024-11-05",365303,"Lynch","lynch-s","Democrat",256415,TRUE,"98.75"
"MA","District 8","2024-11-05",365303,"Burke","burke-r","Republican",108888,FALSE,"98.75"
"MA","District 9","2024-11-05",433243,"Keating","keating-b","Democrat",244460,TRUE,"98.96"
"MA","District 9","2024-11-05",433243,"Sullivan","sullivan-d","Republican",188783,FALSE,"98.96"
"MI","District 1","2024-11-05",472801,"Bergman","bergman-j","Republican",279370,TRUE,"99"
"MI","District 1","2024-11-05",472801,"Barr","barr-c","Democrat",179240,FALSE,"99"
"MI","District 1","2024-11-05",472801,"Hakola","hakola-l","Working Class",8573,FALSE,"99"
"MI","District 1","2024-11-05",472801,"Gale","gale-a","Libertarian",5618,FALSE,"99"
"MI","District 2","2024-11-05",427698,"Moolenaar","moolenaar-j","Republican",278533,TRUE,"98.81"
"MI","District 2","2024-11-05",427698,"Lynch","lynch-m","Democrat",135654,FALSE,"98.81"
"MI","District 2","2024-11-05",427698,"DeJong","dejong-b","Libertarian",7003,FALSE,"98.81"
"MI","District 2","2024-11-05",427698,"Adams","adams-s","U.S.T. party",6508,FALSE,"98.81"
"MI","District 3","2024-11-05",420124,"Scholten","scholten-h","Democrat",225400,TRUE,"99"
"MI","District 3","2024-11-05",420124,"Hudson","hudson-p","Republican",183896,FALSE,"99"
"MI","District 3","2024-11-05",420124,"Palus","palus-l","Working Class",5546,FALSE,"99"
"MI","District 3","2024-11-05",420124,"Avery","avery-a","Libertarian",5282,FALSE,"99"
"MI","District 4","2024-11-05",428891,"Huizenga","huizenga-b","Republican",236200,TRUE,"99"
"MI","District 4","2024-11-05",428891,"Swartz","swartz-j","Democrat",185977,FALSE,"99"
"MI","District 4","2024-11-05",428891,"Clark","clark-c","U.S.T. party",6714,FALSE,"99"
"MI","District 5","2024-11-05",409069,"Walberg","walberg-t","Republican",268777,TRUE,"99"
"MI","District 5","2024-11-05",409069,"Urban","urban-l","Democrat",133936,FALSE,"99"
"MI","District 5","2024-11-05",409069,"Bronke","bronke-j","Green",6356,FALSE,"99"
"MI","District 6","2024-11-05",452931,"Dingell","dingell-d","Democrat",280889,TRUE,"99"
"MI","District 6","2024-11-05",452931,"Smiley","smiley-h","Republican",158581,FALSE,"99"
"MI","District 6","2024-11-05",452931,"Shabazz","shabazz-c","Green",7948,FALSE,"99"
"MI","District 6","2024-11-05",452931,"Krebaum","krebaum-b","Libertarian",5513,FALSE,"99"
"MI","District 7","2024-11-05",450762,"Barrett","barrett-t","Republican",226694,TRUE,"99"
"MI","District 7","2024-11-05",450762,"Hertel","hertel-c","Democrat",209842,FALSE,"99"
"MI","District 7","2024-11-05",450762,"Dailey","dailey-r","Libertarian",14226,FALSE,"99"
"MI","District 8","2024-11-05",424161,"McDonald Rivet","mcdonald_rivet-k","Democrat",217390,TRUE,"99"
"MI","District 8","2024-11-05",424161,"Junge","junge-p","Republican",189239,FALSE,"99"
"MI","District 8","2024-11-05",424161,"Goodwin","goodwin-k","Working Class",8487,FALSE,"99"
"MI","District 8","2024-11-05",424161,"Barcelo","barcelo-s","Libertarian",4766,FALSE,"99"
"MI","District 8","2024-11-05",424161,"Little","little-j","U.S.T. party",2680,FALSE,"99"
"MI","District 8","2024-11-05",424161,"Casha","casha-j","Green",1599,FALSE,"99"
"MI","District 9","2024-11-05",466308,"McClain","mcclain-l","Republican",311163,TRUE,"99"
"MI","District 9","2024-11-05",466308,"St. Mosley","st_mosley-c","Democrat",137701,FALSE,"99"
"MI","District 9","2024-11-05",466308,"Walkowicz","walkowicz-j","Working Class",12126,FALSE,"99"
"MI","District 9","2024-11-05",466308,"Vayko","vayko-k","Libertarian",5318,FALSE,"99"
"MI","District 10","2024-11-05",425279,"James","james-j","Republican",217440,TRUE,"99"
"MI","District 10","2024-11-05",425279,"Marlinga","marlinga-c","Democrat",191352,FALSE,"99"
"MI","District 10","2024-11-05",425279,"Kirby","kirby-a","Working Class",11152,FALSE,"99"
"MI","District 10","2024-11-05",425279,"Saliba","saliba-m","Libertarian",5335,FALSE,"99"
"MI","District 11","2024-11-05",447468,"Stevens","stevens-h","Democrat",260489,TRUE,"99"
"MI","District 11","2024-11-05",447468,"Somberg","somberg-n","Republican",177286,FALSE,"99"
"MI","District 11","2024-11-05",447468,"Campbell","campbell-d","Green",9693,FALSE,"99"
"MI","District 12","2024-11-05",363264,"Tlaib","tlaib-r","Democrat",253188,TRUE,"99"
"MI","District 12","2024-11-05",363264,"Hooper","hooper-j","Republican",92437,FALSE,"99"
"MI","District 12","2024-11-05",363264,"Walkowicz","walkowicz-g","Working Class",9397,FALSE,"99"
"MI","District 12","2024-11-05",363264,"Sanders","sanders-b","Green",8242,FALSE,"99"
"MI","District 13","2024-11-05",321375,"Thanedar","thanedar-s","Democrat",220586,TRUE,"99"
"MI","District 13","2024-11-05",321375,"Bivings","bivings-m","Republican",78888,FALSE,"99"
"MI","District 13","2024-11-05",321375,"Coleman","coleman-s","Working Class",13360,FALSE,"99"
"MI","District 13","2024-11-05",321375,"Clark","clark-c","Libertarian",5719,FALSE,"99"
"MI","District 13","2024-11-05",321375,"Dardzinski","dardzinski-c","U.S.T. party",2822,FALSE,"99"
"MN","District 1","2024-11-05",377309,"Finstad","finstad-b","Republican",220934,TRUE,"99"
"MN","District 1","2024-11-05",377309,"Bohman","bohman-r","Democrat",156375,FALSE,"99"
"MN","District 2","2024-11-05",416861,"Craig","craig-a","Democrat",231750,TRUE,"99"
"MN","District 2","2024-11-05",416861,"Teirab","teirab-j","Republican",175620,FALSE,"99"
"MN","District 2","2024-11-05",416861,"Bowman","bowman-t","Independent",9491,FALSE,"99"
"MN","District 3","2024-11-05",410633,"Morrison","morrison-k","Democrat",240207,TRUE,"99"
"MN","District 3","2024-11-05",410633,"Jude","jude-t","Republican",170426,FALSE,"99"
"MN","District 4","2024-11-05",360418,"McCollum","mccollum-b","Democrat",242801,TRUE,"99"
"MN","District 4","2024-11-05",360418,"Xiong","xiong-m","Republican",117617,FALSE,"99"
"MN","District 5","2024-11-05",347271,"Omar","omar-i","Democrat",261061,TRUE,"99"
"MN","District 5","2024-11-05",347271,"Al-Aqidi","alaqidi-d","Republican",86210,FALSE,"99"
"MN","District 6","2024-11-05",415923,"Emmer","emmer-t","Republican",260091,TRUE,"99"
"MN","District 6","2024-11-05",415923,"Hendricks","hendricks-j","Democrat",155832,FALSE,"99"
"MN","District 7","2024-11-05",389589,"Fischbach","fischbach-m","Republican",274742,TRUE,"98.99"
"MN","District 7","2024-11-05",389589,"Peters","peters-a","Democrat",114847,FALSE,"98.99"
"MN","District 8","2024-11-05",421220,"Stauber","stauber-p","Republican",244497,TRUE,"99"
"MN","District 8","2024-11-05",421220,"Schultz","schultz-j","Democrat",176723,FALSE,"99"
"MS","District 1","2024-11-05",303421,"Kelly","kelly-t","Republican",212696,TRUE,"98.17"
"MS","District 1","2024-11-05",303421,"Black","black-d","Democrat",90725,FALSE,"98.17"
"MS","District 2","2024-11-05",253595,"Thompson","thompson-b","Democrat",156791,TRUE,"98.05"
"MS","District 2","2024-11-05",253595,"Eller","eller-r","Republican",96804,FALSE,"98.05"
"MS","District 3","2024-11-05",0,"Guest","guest-m","Republican",0,FALSE,"NA"
"MS","District 4","2024-11-05",284734,"Ezell","ezell-m","Republican",210917,TRUE,"96.85"
"MS","District 4","2024-11-05",284734,"Raybon","raybon-c","Democrat",73817,FALSE,"96.85"
"MO","District 1","2024-11-05",304663,"Bell","bell-w","Democrat",231330,TRUE,"99"
"MO","District 1","2024-11-05",304663,"Jones","jones-a","Republican",56009,FALSE,"99"
"MO","District 1","2024-11-05",304663,"Riggins","riggins-r","Libertarian",9974,FALSE,"99"
"MO","District 1","2024-11-05",304663,"Fitz","fitz-d","Green",5095,FALSE,"99"
"MO","District 1","2024-11-05",304663,"Ashby","ashby-b","Other",2255,FALSE,"99"
"MO","District 2","2024-11-05",425373,"Wagner","wagner-a","Republican",231954,TRUE,"99"
"MO","District 2","2024-11-05",425373,"Hartmann","hartmann-r","Democrat",180660,FALSE,"99"
"MO","District 2","2024-11-05",425373,"Daugherty","daugherty-b","Libertarian",8866,FALSE,"99"
"MO","District 2","2024-11-05",425373,"Davis","davis-s","Green",3893,FALSE,"99"
"MO","District 3","2024-11-05",391507,"Onder","onder-b","Republican",240137,TRUE,"99"
"MO","District 3","2024-11-05",391507,"Mann","mann-b","Democrat",138106,FALSE,"99"
"MO","District 3","2024-11-05",391507,"Rowden","rowden-j","Libertarian",9272,FALSE,"99"
"MO","District 3","2024-11-05",391507,"Hastings","hastings-w","Green",3992,FALSE,"99"
"MO","District 4","2024-11-05",365011,"Alford","alford-m","Republican",259496,TRUE,"99"
"MO","District 4","2024-11-05",365011,"Cass","cass-j","Democrat",96310,FALSE,"99"
"MO","District 4","2024-11-05",365011,"Holbrook","holbrook-t","Libertarian",9205,FALSE,"99"
"MO","District 5","2024-11-05",329591,"Cleaver","cleaver-e","Democrat",198292,TRUE,"99"
"MO","District 5","2024-11-05",329591,"Smith","smith-s","Republican",120350,FALSE,"99"
"MO","District 5","2024-11-05",329591,"Wayne","wayne-w","Libertarian",6598,FALSE,"99"
"MO","District 5","2024-11-05",329591,"Day","day-m","Green",4351,FALSE,"99"
"MO","District 6","2024-11-05",374473,"Graves","graves-s","Republican",264801,TRUE,"99"
"MO","District 6","2024-11-05",374473,"May","may-p","Democrat",100724,FALSE,"99"
"MO","District 6","2024-11-05",374473,"Maidment","maidment-a","Libertarian",5904,FALSE,"99"
"MO","District 6","2024-11-05",374473,"Diel","diel-m","Green",3044,FALSE,"99"
"MO","District 7","2024-11-05",356707,"Burlison","burlison-e","Republican",254965,TRUE,"99"
"MO","District 7","2024-11-05",356707,"Hesketh","hesketh-m","Democrat",93903,FALSE,"99"
"MO","District 7","2024-11-05",356707,"Craig","craig-k","Libertarian",7839,FALSE,"99"
"MO","District 8","2024-11-05",355322,"Smith","smith-j","Republican",270813,TRUE,"99"
"MO","District 8","2024-11-05",355322,"McCallian","mccallian-r","Democrat",77373,FALSE,"99"
"MO","District 8","2024-11-05",355322,"Dawson","dawson-j","Libertarian",7136,FALSE,"99"
"MT","District 1","2024-11-05",310465,"Zinke","zinke-r","Republican",162716,TRUE,"99"
"MT","District 1","2024-11-05",310465,"Tranel","tranel-m","Democrat",138346,FALSE,"99"
"MT","District 1","2024-11-05",310465,"Hayes","hayes-d","Libertarian",9403,FALSE,"99"
"MT","District 2","2024-11-05",272057,"Downing","downing-t","Republican",179738,TRUE,"99"
"MT","District 2","2024-11-05",272057,"Driscoll","driscoll-j","Democrat",92319,FALSE,"99"
"NE","District 1","2024-11-05",305775,"Flood","flood-m","Republican",184252,TRUE,"97.72"
"NE","District 1","2024-11-05",305775,"Blood","blood-c","Democrat",121523,FALSE,"97.72"
"NE","District 2","2024-11-05",307342,"Bacon","bacon-d","Republican",157246,TRUE,"97.54"
"NE","District 2","2024-11-05",307342,"Vargas","vargas-t","Democrat",150096,FALSE,"97.54"
"NE","District 3","2024-11-05",300861,"Smith","smith-a","Republican",242005,TRUE,"99"
"NE","District 3","2024-11-05",300861,"Ebers","ebers-d","Democrat",58856,FALSE,"99"
"NV","District 1","2024-11-05",316382,"Titus","titus-d","Democrat",164510,TRUE,"95.91"
"NV","District 1","2024-11-05",316382,"Robertson","robertson-m","Republican",140883,FALSE,"95.91"
"NV","District 1","2024-11-05",316382,"Quince","quince-r","Independent",3220,FALSE,"95.91"
"NV","District 1","2024-11-05",316382,"Hoge","hoge-w","Independent American",2649,FALSE,"95.91"
"NV","District 1","2024-11-05",316382,"Havlicek","havlicek-d","Libertarian",2634,FALSE,"95.91"
"NV","District 1","2024-11-05",316382,"Goossen","goossen-d","Independent",2486,FALSE,"95.91"
"NV","District 2","2024-11-05",373941,"Amodei","amodei-m","Republican",208070,TRUE,"95.07"
"NV","District 2","2024-11-05",373941,"Kidd","kidd-g","Independent",134209,FALSE,"95.07"
"NV","District 2","2024-11-05",373941,"Chapman","chapman-l","Independent American",17566,FALSE,"95.07"
"NV","District 2","2024-11-05",373941,"Tachiquin","tachiquin-j","Libertarian",14096,FALSE,"95.07"
"NV","District 3","2024-11-05",363947,"Lee","lee-s","Democrat",187152,TRUE,"95.95"
"NV","District 3","2024-11-05",363947,"Johnson","johnson-d","Republican",176795,FALSE,"95.95"
"NV","District 4","2024-11-05",322913,"Horsford","horsford-s","Democrat",170512,TRUE,"95.44"
"NV","District 4","2024-11-05",322913,"Lee","lee-j","Republican",143575,FALSE,"95.44"
"NV","District 4","2024-11-05",322913,"Best","best-r","Independent American",4701,FALSE,"95.44"
"NV","District 4","2024-11-05",322913,"Ferreira","ferreira-t","Libertarian",4125,FALSE,"95.44"
"NH","District 1","2024-11-05",403359,"Pappas","pappas-c","Democrat",218030,TRUE,"99"
"NH","District 1","2024-11-05",403359,"Prescott","prescott-r","Republican",185329,FALSE,"99"
"NH","District 2","2024-11-05",398760,"Goodlander","goodlander-m","Democrat",210868,TRUE,"99"
"NH","District 2","2024-11-05",398760,"Tang Williams","tang_williams-l","Republican",187892,FALSE,"99"
"NJ","District 1","2024-11-05",347744,"Norcross","norcross-d","Democrat",200939,TRUE,"94.46"
"NJ","District 1","2024-11-05",347744,"Liddell","liddell-t","Republican",139308,FALSE,"94.46"
"NJ","District 1","2024-11-05",347744,"Brownfield","brownfield-r","Independent",5499,FALSE,"94.46"
"NJ","District 1","2024-11-05",347744,"Johnson","johnson-a","Independent",1998,FALSE,"94.46"
"NJ","District 2","2024-11-05",363246,"Van Drew","van_drew-j","Republican",212044,TRUE,"94.94"
"NJ","District 2","2024-11-05",363246,"Salerno","salerno-j","Democrat",148775,FALSE,"94.94"
"NJ","District 2","2024-11-05",363246,"Cannavo","cannavo-t","Independent",2427,FALSE,"94.94"
"NJ","District 3","2024-11-05",369775,"Conaway","conaway-h","Democrat",196154,TRUE,"91.18"
"NJ","District 3","2024-11-05",369775,"Mohan","mohan-r","Republican",165953,FALSE,"91.18"
"NJ","District 3","2024-11-05",369775,"Welzer","welzer-s","Independent",3309,FALSE,"91.18"
"NJ","District 3","2024-11-05",369775,"Russomanno","russomanno-c","Independent",1893,FALSE,"91.18"
"NJ","District 3","2024-11-05",369775,"Wynn","wynn-d","Independent",1293,FALSE,"91.18"
"NJ","District 3","2024-11-05",369775,"Barbera","barbera-j","Independent",1173,FALSE,"91.18"
"NJ","District 4","2024-11-05",385958,"Smith","smith-c","Republican",260477,TRUE,"94.52"
"NJ","District 4","2024-11-05",385958,"Jenkins","jenkins-m","Democrat",121832,FALSE,"94.52"
"NJ","District 4","2024-11-05",385958,"Morrison","morrison-j","Independent",1901,FALSE,"94.52"
"NJ","District 4","2024-11-05",385958,"Bendar","bendar-b","Independent",1748,FALSE,"94.52"
"NJ","District 5","2024-11-05",373913,"Gottheimer","gottheimer-j","Democrat",203732,TRUE,"95.11"
"NJ","District 5","2024-11-05",373913,"Guinchard","guinchard-m","Republican",162252,FALSE,"95.11"
"NJ","District 5","2024-11-05",373913,"Forte","forte-b","Independent",3270,FALSE,"95.11"
"NJ","District 5","2024-11-05",373913,"Tosone","tosone-j","Independent",2368,FALSE,"95.11"
"NJ","District 5","2024-11-05",373913,"Arif","arif-a","Independent",2291,FALSE,"95.11"
"NJ","District 6","2024-11-05",289356,"Pallone","pallone-f","Democrat",161863,TRUE,"91.24"
"NJ","District 6","2024-11-05",289356,"Fegler","fegler-s","Republican",117460,FALSE,"91.24"
"NJ","District 6","2024-11-05",289356,"Akhtar","akhtar-f","Independent",4506,FALSE,"91.24"
"NJ","District 6","2024-11-05",289356,"Tarbous","tarbous-h","Independent",3867,FALSE,"91.24"
"NJ","District 6","2024-11-05",289356,"Amitrano","amitrano-m","Independent",1660,FALSE,"91.24"
"NJ","District 7","2024-11-05",417632,"Kean Jr.","kean_jr-t","Republican",218037,TRUE,"93.72"
"NJ","District 7","2024-11-05",417632,"Altman","altman-s","Democrat",191968,FALSE,"93.72"
"NJ","District 7","2024-11-05",417632,"Black","black-a","Independent",4005,FALSE,"93.72"
"NJ","District 7","2024-11-05",417632,"Leguia","leguia-l","Independent",3622,FALSE,"93.72"
"NJ","District 8","2024-11-05",187958,"Menendez","menendez-r","Democrat",111294,TRUE,"87.18"
"NJ","District 8","2024-11-05",187958,"Valdes","valdes-a","Republican",65043,FALSE,"87.18"
"NJ","District 8","2024-11-05",187958,"Robbins","robbins-c","Independent",5210,FALSE,"87.18"
"NJ","District 8","2024-11-05",187958,"Olivera","olivera-p","Independent",4087,FALSE,"87.18"
"NJ","District 8","2024-11-05",187958,"Sherman","sherman-l","Independent",2324,FALSE,"87.18"
"NJ","District 9","2024-11-05",245881,"Pou","pou-n","Democrat",124499,TRUE,"90.82"
"NJ","District 9","2024-11-05",245881,"Prempeh","prempeh-b","Republican",113390,FALSE,"90.82"
"NJ","District 9","2024-11-05",245881,"Taylor","taylor-b","Independent",4660,FALSE,"90.82"
"NJ","District 9","2024-11-05",245881,"Pereira","pereira-b","Independent",3332,FALSE,"90.82"
"NJ","District 10","2024-11-05",234196,"McIver","mciver-l","Democrat",173923,TRUE,"87.84"
"NJ","District 10","2024-11-05",234196,"Bucco","bucco-c","Republican",52597,FALSE,"87.84"
"NJ","District 10","2024-11-05",234196,"Serrano","serrano-j","Independent",3001,FALSE,"87.84"
"NJ","District 10","2024-11-05",234196,"Johnson","johnson-c","Independent",2016,FALSE,"87.84"
"NJ","District 10","2024-11-05",234196,"Middleton","middleton-m","Independent",1575,FALSE,"87.84"
"NJ","District 10","2024-11-05",234196,"Weiss","weiss-d","Independent",1084,FALSE,"87.84"
"NJ","District 11","2024-11-05",378676,"Sherrill","sherrill-m","Democrat",212789,TRUE,"91.87"
"NJ","District 11","2024-11-05",378676,"Belnome","belnome-j","Republican",159700,FALSE,"91.87"
"NJ","District 11","2024-11-05",378676,"Benavides","benavides-l","Independent",4455,FALSE,"91.87"
"NJ","District 11","2024-11-05",378676,"Lanzara","lanzara-j","Independent",1732,FALSE,"91.87"
"NJ","District 12","2024-11-05",304958,"Watson Coleman","watson_coleman-b","Democrat",185840,TRUE,"92.28"
"NJ","District 12","2024-11-05",304958,"Mayfield","mayfield-d","Republican",112093,FALSE,"92.28"
"NJ","District 12","2024-11-05",304958,"Meudt","meudt-k","Independent",4278,FALSE,"92.28"
"NJ","District 12","2024-11-05",304958,"Kaplan","kaplan-v","Independent",2747,FALSE,"92.28"
"NM","District 1","2024-11-05",341480,"Stansbury","stansbury-m","Democrat",192521,TRUE,"99"
"NM","District 1","2024-11-05",341480,"Jones","jones-s","Republican",148959,FALSE,"99"
"NM","District 2","2024-11-05",264397,"Vasquez","vasquez-g","Democrat",137574,TRUE,"99"
"NM","District 2","2024-11-05",264397,"Herrell","herrell-y","Republican",126823,FALSE,"99"
"NM","District 3","2024-11-05",286828,"Leger Fernandez","leger_fernandez-t","Democrat",160926,TRUE,"99"
"NM","District 3","2024-11-05",286828,"Clahchischilliage","clahchischilliage-s","Republican",125902,FALSE,"99"
"NY","District 1","2024-11-05",390161,"LaLota","lalota-n","Republican",217461,TRUE,"98"
"NY","District 1","2024-11-05",390161,"Avlon","avlon-j","Democrat",172700,FALSE,"98"
"NY","District 2","2024-11-05",328055,"Garbarino","garbarino-a","Republican",197419,TRUE,"98"
"NY","District 2","2024-11-05",328055,"Lubin","lubin-r","Democrat",130636,FALSE,"98"
"NY","District 3","2024-11-05",349206,"Suozzi","suozzi-t","Democrat",179732,TRUE,"97.32"
"NY","District 3","2024-11-05",349206,"LiPetri","lipetri-m","Republican",169474,FALSE,"97.32"
"NY","District 4","2024-11-05",364376,"Gillen","gillen-l","Democrat",185871,TRUE,"98"
"NY","District 4","2024-11-05",364376,"Dâ€™Esposito","desposito-a","Republican",178505,FALSE,"98"
"NY","District 5","2024-11-05",215605,"Meeks","meeks-g","Democrat",157225,TRUE,"94.78"
"NY","District 5","2024-11-05",215605,"King","king-p","Republican",58380,FALSE,"94.78"
"NY","District 6","2024-11-05",185189,"Meng","meng-g","Democrat",111592,TRUE,"95.18"
"NY","District 6","2024-11-05",185189,"Zmich","zmich-t","Republican",70566,FALSE,"95.18"
"NY","District 6","2024-11-05",185189,"Chou","chou-j","Independent",3031,FALSE,"95.18"
"NY","District 7","2024-11-05",203258,"Velazquez","velazquez-n","Democrat",158015,TRUE,"95.33"
"NY","District 7","2024-11-05",203258,"Kregler","kregler-b","Republican",45243,FALSE,"95.33"
"NY","District 8","2024-11-05",208082,"Jeffries","jeffries-h","Democrat",155866,TRUE,"95.26"
"NY","District 8","2024-11-05",208082,"Delaney","delaney-j","Republican",52216,FALSE,"95.26"
"NY","District 9","2024-11-05",217095,"Clarke","clarke-y","Democrat",160481,TRUE,"95.42"
"NY","District 9","2024-11-05",217095,"Raitport","raitport-m","Republican",56614,FALSE,"95.42"
"NY","District 10","2024-11-05",227741,"Goldman","goldman-d","Democrat",186991,TRUE,"95.39"
"NY","District 10","2024-11-05",227741,"Dodenhoff","dodenhoff-a","Republican",34577,FALSE,"95.39"
"NY","District 10","2024-11-05",227741,"Briscoe","briscoe-p","Conservative",6173,FALSE,"95.39"
"NY","District 11","2024-11-05",248548,"Malliotakis","malliotakis-n","Republican",160908,TRUE,"96.24"
"NY","District 11","2024-11-05",248548,"Morse","morse-a","Democrat",87640,FALSE,"96.24"
"NY","District 12","2024-11-05",293259,"Nadler","nadler-j","Democrat",235856,TRUE,"95.2"
"NY","District 12","2024-11-05",293259,"Zumbluskas","zumbluskas-m","Republican",57403,FALSE,"95.2"
"NY","District 13","2024-11-05",196718,"Espaillat","espaillat-a","Democrat",164402,TRUE,"94.31"
"NY","District 13","2024-11-05",196718,"Vargas","vargas-r","Republican",32316,FALSE,"94.31"
"NY","District 14","2024-11-05",178849,"Ocasio-Cortez","ocasiocortez-a","Democrat",123269,TRUE,"94.27"
"NY","District 14","2024-11-05",178849,"Forte","forte-t","Republican",55580,FALSE,"94.27"
"NY","District 15","2024-11-05",158469,"Torres","torres-r","Democrat",121318,TRUE,"94"
"NY","District 15","2024-11-05",158469,"Duran","duran-g","Republican",33405,FALSE,"94"
"NY","District 15","2024-11-05",158469,"Vega","vega-j","Independent",3746,FALSE,"94"
"NY","District 16","2024-11-05",293755,"Latimer","latimer-g","Democrat",210200,TRUE,"97.68"
"NY","District 16","2024-11-05",293755,"Flisser","flisser-m","Republican",83555,FALSE,"97.68"
"NY","District 17","2024-11-05",366668,"Lawler","lawler-m","Republican",192111,TRUE,"96.87"
"NY","District 17","2024-11-05",366668,"Jones","jones-m","Democrat",167329,FALSE,"96.87"
"NY","District 17","2024-11-05",366668,"Frascone","frascone-a","Working Families",7228,FALSE,"96.87"
"NY","District 18","2024-11-05",345518,"Ryan","ryan-p","Democrat",195958,TRUE,"98.08"
"NY","District 18","2024-11-05",345518,"Esposito","esposito-a","Republican",149560,FALSE,"98.08"
"NY","District 19","2024-11-05",362213,"Riley","riley-j","Democrat",183550,TRUE,"97.93"
"NY","District 19","2024-11-05",362213,"Molinaro","molinaro-m","Republican",178663,FALSE,"97.93"
"NY","District 20","2024-11-05",352518,"Tonko","tonko-p","Democrat",212913,TRUE,"98.1"
"NY","District 20","2024-11-05",352518,"Waltz","waltz-k","Republican",139605,FALSE,"98.1"
"NY","District 21","2024-11-05",338429,"Stefanik","stefanik-e","Republican",210736,TRUE,"97.91"
"NY","District 21","2024-11-05",338429,"Collins","collins-p","Democrat",127693,FALSE,"97.91"
"NY","District 22","2024-11-05",339858,"Mannion","mannion-j","Democrat",184016,TRUE,"98.01"
"NY","District 22","2024-11-05",339858,"Williams","williams-b","Republican",155842,FALSE,"98.01"
"NY","District 23","2024-11-05",365384,"Langworthy","langworthy-n","Republican",241007,TRUE,"97.51"
"NY","District 23","2024-11-05",365384,"Carle","carle-t","Democrat",124377,FALSE,"97.51"
"NY","District 24","2024-11-05",349972,"Tenney","tenney-c","Republican",230361,TRUE,"98.15"
"NY","District 24","2024-11-05",349972,"Wagenhauser","wagenhauser-d","Democrat",119611,FALSE,"98.15"
"NY","District 25","2024-11-05",347167,"Morelle","morelle-j","Democrat",209722,TRUE,"98.04"
"NY","District 25","2024-11-05",347167,"Sadwick","sadwick-g","Republican",137445,FALSE,"98.04"
"NY","District 26","2024-11-05",312622,"Kennedy","kennedy-t","Democrat",203487,TRUE,"97.54"
"NY","District 26","2024-11-05",312622,"Marecki","marecki-a","Republican",109135,FALSE,"97.54"
"NC","District 1","2024-11-05",374111,"Davis","davis-d","Democrat",184993,TRUE,"99"
"NC","District 1","2024-11-05",374111,"Buckhout","buckhout-l","Republican",179167,FALSE,"99"
"NC","District 1","2024-11-05",374111,"Bailey","bailey-t","Libertarian",9951,FALSE,"99"
"NC","District 2","2024-11-05",400710,"Ross","ross-d","Democrat",265386,TRUE,"99"
"NC","District 2","2024-11-05",400710,"Swain","swain-a","Republican",126852,FALSE,"99"
"NC","District 2","2024-11-05",400710,"Dublin","dublin-m","Green",8472,FALSE,"99"
"NC","District 3","2024-11-05",317358,"Murphy","murphy-g","Republican",245964,TRUE,"99"
"NC","District 3","2024-11-05",317358,"Cormos","cormos-g","Libertarian",71394,FALSE,"99"
"NC","District 4","2024-11-05",424583,"Foushee","foushee-v","Democrat",304963,TRUE,"99"
"NC","District 4","2024-11-05",424583,"Blankenburg","blankenburg-e","Republican",111140,FALSE,"99"
"NC","District 4","2024-11-05",424583,"Meilleur","meilleur-g","Libertarian",8480,FALSE,"99"
"NC","District 5","2024-11-05",398640,"Foxx","foxx-v","Republican",237292,TRUE,"99"
"NC","District 5","2024-11-05",398640,"Hubbard","hubbard-c","Democrat",161348,FALSE,"99"
"NC","District 6","2024-11-05",334947,"McDowell","mcdowell-a","Republican",231894,TRUE,"99"
"NC","District 6","2024-11-05",334947,"Hayes","hayes-k","Constitution",103053,FALSE,"99"
"NC","District 7","2024-11-05",428557,"Rouzer","rouzer-d","Republican",251640,TRUE,"99"
"NC","District 7","2024-11-05",428557,"Pridgen","pridgen-m","Democrat",176917,FALSE,"99"
"NC","District 8","2024-11-05",398113,"Harris","harris-m","Republican",237405,TRUE,"99"
"NC","District 8","2024-11-05",398113,"Dues","dues-j","Democrat",160708,FALSE,"99"
"NC","District 9","2024-11-05",370006,"Hudson","hudson-r","Republican",208775,TRUE,"99"
"NC","District 9","2024-11-05",370006,"Bristow","bristow-n","Democrat",139357,FALSE,"99"
"NC","District 9","2024-11-05",370006,"Etchison","etchison-s","Independent",21874,FALSE,"99"
"NC","District 10","2024-11-05",401021,"Harrigan","harrigan-p","Republican",231425,TRUE,"99"
"NC","District 10","2024-11-05",401021,"Scott","scott-r","Democrat",152401,FALSE,"99"
"NC","District 10","2024-11-05",401021,"Feldman","feldman-s","Libertarian",11402,FALSE,"99"
"NC","District 10","2024-11-05",401021,"Helm","helm-t","Constitution",5793,FALSE,"99"
"NC","District 11","2024-11-05",430203,"Edwards","edwards-c","Republican",244146,TRUE,"99"
"NC","District 11","2024-11-05",430203,"Rudow","rudow-c","Democrat",186057,FALSE,"99"
"NC","District 12","2024-11-05",349357,"Adams","adams-a","Democrat",258491,TRUE,"99"
"NC","District 12","2024-11-05",349357,"Ali","ali-a","Republican",90866,FALSE,"99"
"NC","District 13","2024-11-05",412369,"Knott","knott-b","Republican",242208,TRUE,"99"
"NC","District 13","2024-11-05",412369,"Pierce","pierce-f","Democrat",170161,FALSE,"99"
"NC","District 14","2024-11-05",399454,"Moore","moore-t","Republican",232029,TRUE,"99"
"NC","District 14","2024-11-05",399454,"Genant","genant-p","Democrat",167425,FALSE,"99"
"ND","District 1","2024-11-05",357425,"Fedorchak","fedorchak-j","Republican",248505,TRUE,"98.98"
"ND","District 1","2024-11-05",357425,"Hammer","hammer-t","Democrat",108920,FALSE,"98.98"
"OH","District 1","2024-11-05",383271,"Landsman","landsman-g","Democrat",208650,TRUE,"99"
"OH","District 1","2024-11-05",383271,"Sonza","sonza-o","Republican",174621,FALSE,"99"
"OH","District 2","2024-11-05",357594,"Taylor","taylor-d","Republican",262843,TRUE,"99"
"OH","District 2","2024-11-05",357594,"Meadows","meadows-s","Democrat",94751,FALSE,"99"
"OH","District 3","2024-11-05",333835,"Beatty","beatty-j","Democrat",236050,TRUE,"99"
"OH","District 3","2024-11-05",333835,"Young","young-m","Republican",97785,FALSE,"99"
"OH","District 4","2024-11-05",392203,"Jordan","jordan-j","Republican",268510,TRUE,"99"
"OH","District 4","2024-11-05",392203,"Wilson","wilson-t","Democrat",123693,FALSE,"99"
"OH","District 5","2024-11-05",372711,"Latta","latta-b","Republican",251824,TRUE,"99"
"OH","District 5","2024-11-05",372711,"Mundy","mundy-k","Democrat",120887,FALSE,"99"
"OH","District 6","2024-11-05",362927,"Rulli","rulli-m","Republican",242189,TRUE,"99"
"OH","District 6","2024-11-05",362927,"Kripchak","kripchak-m","Democrat",120738,FALSE,"99"
"OH","District 7","2024-11-05",393024,"Miller","miller-m","Republican",200962,TRUE,"99"
"OH","District 7","2024-11-05",393024,"Diemer","diemer-m","Democrat",141741,FALSE,"99"
"OH","District 7","2024-11-05",393024,"Kucinich","kucinich-d","Independent",50321,FALSE,"99"
"OH","District 8","2024-11-05",370723,"Davidson","davidson-w","Republican",233439,TRUE,"99"
"OH","District 8","2024-11-05",370723,"Enoch","enoch-v","Democrat",137284,FALSE,"99"
"OH","District 9","2024-11-05",366062,"Kaptur","kaptur-m","Democrat",176228,TRUE,"99"
"OH","District 9","2024-11-05",366062,"Merrin","merrin-d","Republican",175035,FALSE,"99"
"OH","District 9","2024-11-05",366062,"Pruss","pruss-t","Libertarian",14799,FALSE,"99"
"OH","District 10","2024-11-05",362146,"Turner","turner-m","Republican",209347,TRUE,"99"
"OH","District 10","2024-11-05",362146,"Cox","cox-a","Democrat",141567,FALSE,"99"
"OH","District 10","2024-11-05",362146,"Harbaugh","harbaugh-m","Independent",11232,FALSE,"99"
"OH","District 11","2024-11-05",293281,"Brown","brown-s","Democrat",229628,TRUE,"99"
"OH","District 11","2024-11-05",293281,"Rapoport","rapoport-a","Republican",57779,FALSE,"99"
"OH","District 11","2024-11-05",293281,"Freeman","freeman-s","Independent",5874,FALSE,"99"
"OH","District 12","2024-11-05",372816,"Balderson","balderson-t","Republican",255587,TRUE,"99"
"OH","District 12","2024-11-05",372816,"Christian","christian-j","Democrat",117229,FALSE,"99"
"OH","District 13","2024-11-05",379197,"Sykes","sykes-e","Democrat",193575,TRUE,"99"
"OH","District 13","2024-11-05",379197,"Coughlin","coughlin-k","Republican",185622,FALSE,"99"
"OH","District 14","2024-11-05",376781,"Joyce","joyce-d","Republican",239054,TRUE,"99"
"OH","District 14","2024-11-05",376781,"Kenderes","kenderes-b","Democrat",137727,FALSE,"99"
"OH","District 15","2024-11-05",340522,"Carey","carey-m","Republican",192477,TRUE,"99"
"OH","District 15","2024-11-05",340522,"Miller","miller-a","Democrat",148045,FALSE,"99"
"OK","District 1","2024-11-05",312501,"Hern","hern-k","Republican",188832,TRUE,"99"
"OK","District 1","2024-11-05",312501,"Baker","baker-d","Democrat",107903,FALSE,"99"
"OK","District 1","2024-11-05",312501,"Sanders","sanders-m","Independent",15766,FALSE,"99"
"OK","District 2","2024-11-05",321025,"Brecheen","brecheen-j","Republican",238123,TRUE,"99"
"OK","District 2","2024-11-05",321025,"Wade","wade-b","Democrat",68841,FALSE,"99"
"OK","District 2","2024-11-05",321025,"Hopkins","hopkins-r","Independent",14061,FALSE,"99"
"OK","District 3","2024-11-05",0,"Lucas","lucas-f","Republican",0,FALSE,"NA"
"OK","District 4","2024-11-05",306473,"Cole","cole-t","Republican",199962,TRUE,"99"
"OK","District 4","2024-11-05",306473,"Brannon","brannon-m","Democrat",86641,FALSE,"99"
"OK","District 4","2024-11-05",306473,"Stacy","stacy-j","Independent",19870,FALSE,"99"
"OK","District 5","2024-11-05",342107,"Bice","bice-s","Republican",207636,TRUE,"99"
"OK","District 5","2024-11-05",342107,"Horn","horn-m","Democrat",134471,FALSE,"99"
"OR","District 1","2024-11-05",314473,"Bonamici","bonamici-s","Democrat",215255,TRUE,"76.62"
"OR","District 1","2024-11-05",314473,"Todd","todd-b","Republican",90231,FALSE,"76.62"
"OR","District 1","2024-11-05",314473,"Christman","christman-j","Libertarian",8987,FALSE,"76.62"
"OR","District 2","2024-11-05",340900,"Bentz","bentz-c","Republican",218827,TRUE,"90.33"
"OR","District 2","2024-11-05",340900,"Ruby","ruby-d","Democrat",111303,FALSE,"90.33"
"OR","District 2","2024-11-05",340900,"Stettler","stettler-m","Constitution",10770,FALSE,"90.33"
"OR","District 3","2024-11-05",302513,"Dexter","dexter-m","Democrat",205782,TRUE,"82.73"
"OR","District 3","2024-11-05",302513,"Harbour","harbour-j","Republican",77204,FALSE,"82.73"
"OR","District 3","2024-11-05",302513,"Walker","walker-d","Progressive",8847,FALSE,"82.73"
"OR","District 3","2024-11-05",302513,"Meyer","meyer-j","Pacific Green",8523,FALSE,"82.73"
"OR","District 3","2024-11-05",302513,"Frosch","frosch-d","Constitution",2157,FALSE,"82.73"
"OR","District 4","2024-11-05",363772,"Hoyle","hoyle-v","Democrat",187954,TRUE,"92.96"
"OR","District 4","2024-11-05",363772,"DeSpain","despain-m","Republican",160967,FALSE,"92.96"
"OR","District 4","2024-11-05",363772,"Filip","filip-j","Pacific Green",9535,FALSE,"92.96"
"OR","District 4","2024-11-05",363772,"Bahlen","bahlen-d","Libertarian",5316,FALSE,"92.96"
"OR","District 5","2024-11-05",370167,"Bynum","bynum-j","Democrat",176649,TRUE,"83.14"
"OR","District 5","2024-11-05",370167,"Chavez-DeRemer","chavezderemer-l","Republican",167189,FALSE,"83.14"
"OR","District 5","2024-11-05",370167,"Smith","smith-b","Independent",17082,FALSE,"83.14"
"OR","District 5","2024-11-05",370167,"Feintech","feintech-s","Libertarian",5563,FALSE,"83.14"
"OR","District 5","2024-11-05",370167,"Townsend","townsend-a","Pacific Green",3684,FALSE,"83.14"
"OR","District 6","2024-11-05",292186,"Salinas","salinas-a","Democrat",155288,TRUE,"81.08"
"OR","District 6","2024-11-05",292186,"Erickson","erickson-m","Republican",136898,FALSE,"81.08"
"PA","District 1","2024-11-05",457472,"Fitzpatrick","fitzpatrick-b","Republican",258728,TRUE,"98.25"
"PA","District 1","2024-11-05",457472,"Ehasz","ehasz-a","Democrat",198744,FALSE,"98.25"
"PA","District 2","2024-11-05",267134,"Boyle","boyle-b","Democrat",190636,TRUE,"97.26"
"PA","District 2","2024-11-05",267134,"Bashir","bashir-a","Republican",76498,FALSE,"97.26"
"PA","District 3","2024-11-05",0,"Evans","evans-d","Democrat",0,FALSE,"NA"
"PA","District 4","2024-11-05",448582,"Dean","dean-m","Democrat",264143,TRUE,"98.65"
"PA","District 4","2024-11-05",448582,"Winkler","winkler-d","Republican",184439,FALSE,"98.65"
"PA","District 5","2024-11-05",403162,"Scanlon","scanlon-m","Democrat",262439,TRUE,"97.57"
"PA","District 5","2024-11-05",403162,"Goodwin","goodwin-a","Republican",140723,FALSE,"97.57"
"PA","District 6","2024-11-05",416146,"Houlahan","houlahan-c","Democrat",233522,TRUE,"98.94"
"PA","District 6","2024-11-05",416146,"Young","young-n","Republican",182624,FALSE,"98.94"
"PA","District 7","2024-11-05",396894,"Mackenzie","mackenzie-r","Republican",200933,TRUE,"98.02"
"PA","District 7","2024-11-05",396894,"Wild","wild-s","Democrat",195961,FALSE,"98.02"
"PA","District 8","2024-11-05",379701,"Bresnahan","bresnahan-r","Republican",193407,TRUE,"99"
"PA","District 8","2024-11-05",379701,"Cartwright","cartwright-m","Democrat",186294,FALSE,"99"
"PA","District 9","2024-11-05",388408,"Meuser","meuser-d","Republican",274317,TRUE,"98.88"
"PA","District 9","2024-11-05",388408,"Waldman","waldman-a","Democrat",114091,FALSE,"98.88"
"PA","District 10","2024-11-05",401083,"Perry","perry-s","Republican",203590,TRUE,"98.88"
"PA","District 10","2024-11-05",401083,"Stelson","stelson-j","Democrat",197493,FALSE,"98.88"
"PA","District 11","2024-11-05",398624,"Smucker","smucker-l","Republican",251452,TRUE,"98.72"
"PA","District 11","2024-11-05",398624,"Atkinson","atkinson-j","Democrat",147172,FALSE,"98.72"
"PA","District 12","2024-11-05",408843,"Lee","lee-s","Democrat",229480,TRUE,"98.58"
"PA","District 12","2024-11-05",408843,"Hayes","hayes-j","Republican",179363,FALSE,"98.58"
"PA","District 13","2024-11-05",404981,"Joyce","joyce-j","Republican",300711,TRUE,"98.2"
"PA","District 13","2024-11-05",404981,"Farnham","farnham-b","Democrat",104270,FALSE,"98.2"
"PA","District 14","2024-11-05",400655,"Reschenthaler","reschenthaler-g","Republican",266954,TRUE,"99"
"PA","District 14","2024-11-05",400655,"Dziados","dziados-c","Democrat",133701,FALSE,"99"
"PA","District 15","2024-11-05",388606,"Thompson","thompson-g","Republican",278301,TRUE,"99"
"PA","District 15","2024-11-05",388606,"Womer","womer-z","Democrat",110305,FALSE,"99"
"PA","District 16","2024-11-05",397015,"Kelly","kelly-m","Republican",253630,TRUE,"98.74"
"PA","District 16","2024-11-05",397015,"Nouri","nouri-p","Democrat",143385,FALSE,"98.74"
"PA","District 17","2024-11-05",445117,"Deluzio","deluzio-c","Democrat",239115,TRUE,"98.28"
"PA","District 17","2024-11-05",445117,"Mercuri","mercuri-r","Republican",206002,FALSE,"98.28"
"RI","District 1","2024-11-05",218499,"Amo","amo-g","Democrat",137796,TRUE,"99"
"RI","District 1","2024-11-05",218499,"Waters","waters-a","Republican",70335,FALSE,"99"
"RI","District 1","2024-11-05",218499,"Reynolds","reynolds-c","Independent",10368,FALSE,"99"
"RI","District 2","2024-11-05",261081,"Magaziner","magaziner-s","Democrat",152184,TRUE,"99"
"RI","District 2","2024-11-05",261081,"Corvi","corvi-s","Republican",108897,FALSE,"99"
"SC","District 1","2024-11-05",389919,"Mace","mace-n","Republican",227416,TRUE,"99"
"SC","District 1","2024-11-05",389919,"Moore","moore-m","Democrat",162503,FALSE,"99"
"SC","District 2","2024-11-05",353780,"Wilson","wilson-j","Republican",211060,TRUE,"99"
"SC","District 2","2024-11-05",353780,"Robinson","robinson-d","Democrat",142720,FALSE,"99"
"SC","District 3","2024-11-05",345686,"Biggs","biggs-s","Republican",248160,TRUE,"99"
"SC","District 3","2024-11-05",345686,"Best","best-b","Democrat",87617,FALSE,"99"
"SC","District 3","2024-11-05",345686,"Bedenbaugh","bedenbaugh-m","Other",9909,FALSE,"99"
"SC","District 4","2024-11-05",344725,"Timmons","timmons-w","Republican",206360,TRUE,"99"
"SC","District 4","2024-11-05",344725,"Harvey","harvey-k","Democrat",128630,FALSE,"99"
"SC","District 4","2024-11-05",344725,"Hackett","hackett-m","Constitution",9735,FALSE,"99"
"SC","District 5","2024-11-05",358333,"Norman","norman-r","Republican",227940,TRUE,"99"
"SC","District 5","2024-11-05",358333,"Hundley","hundley-e","Democrat",130393,FALSE,"99"
"SC","District 6","2024-11-05",305535,"Clyburn","clyburn-j","Democrat",181948,TRUE,"99"
"SC","District 6","2024-11-05",305535,"Buckner","buckner-d","Republican",112330,FALSE,"99"
"SC","District 6","2024-11-05",305535,"Simpson","simpson-m","Libertarian",5277,FALSE,"99"
"SC","District 6","2024-11-05",305535,"Dixon","dixon-g","Other",4925,FALSE,"99"
"SC","District 6","2024-11-05",305535,"Oddo","oddo-j","Other",1055,FALSE,"99"
"SC","District 7","2024-11-05",369767,"Fry","fry-r","Republican",240284,TRUE,"99"
"SC","District 7","2024-11-05",369767,"Hyman","hyman-m","Democrat",129483,FALSE,"99"
"SD","District 1","2024-11-05",421448,"Johnson","johnson-d","Republican",303630,TRUE,"99"
"SD","District 1","2024-11-05",421448,"Johnson","johnson-s","Democrat",117818,FALSE,"99"
"TN","District 1","2024-11-05",329820,"Harshbarger","harshbarger-d","Republican",257530,TRUE,"99"
"TN","District 1","2024-11-05",329820,"Jenkins","jenkins-k","Democrat",63949,FALSE,"99"
"TN","District 1","2024-11-05",329820,"Baker","baker-r","Independent",5707,FALSE,"99"
"TN","District 1","2024-11-05",329820,"Brake","brake-l","Independent",2634,FALSE,"99"
"TN","District 2","2024-11-05",361096,"Burchett","burchett-t","Republican",250002,TRUE,"99"
"TN","District 2","2024-11-05",361096,"George","george-j","Democrat",111094,FALSE,"99"
"TN","District 3","2024-11-05",349954,"Fleischmann","fleischmann-c","Republican",236258,TRUE,"99"
"TN","District 3","2024-11-05",349954,"Allen","allen-j","Democrat",102747,FALSE,"99"
"TN","District 3","2024-11-05",349954,"King","king-s","Independent",5840,FALSE,"99"
"TN","District 3","2024-11-05",349954,"Howard-Hill","howardhill-j","Independent",5109,FALSE,"99"
"TN","District 4","2024-11-05",313019,"DesJarlais","desjarlais-s","Republican",218980,TRUE,"99"
"TN","District 4","2024-11-05",313019,"Broderick","broderick-v","Democrat",83758,FALSE,"99"
"TN","District 4","2024-11-05",313019,"Nolan","nolan-k","Independent",5596,FALSE,"99"
"TN","District 4","2024-11-05",313019,"Ensley","ensley-e","Independent",4685,FALSE,"99"
"TN","District 5","2024-11-05",360164,"Ogles","ogles-a","Republican",204807,TRUE,"99"
"TN","District 5","2024-11-05",360164,"Abolfazli","abolfazli-m","Democrat",142136,FALSE,"99"
"TN","District 5","2024-11-05",360164,"Larkin","larkin-j","Independent",7588,FALSE,"99"
"TN","District 5","2024-11-05",360164,"Titley","titley-b","Independent",3063,FALSE,"99"
"TN","District 5","2024-11-05",360164,"Faparusi","faparusi-y","Independent",2570,FALSE,"99"
"TN","District 6","2024-11-05",331480,"Rose","rose-j","Republican",225430,TRUE,"99"
"TN","District 6","2024-11-05",331480,"Bergman","bergman-l","Democrat",106050,FALSE,"99"
"TN","District 7","2024-11-05",322304,"Green","green-m","Republican",191832,TRUE,"99"
"TN","District 7","2024-11-05",322304,"Barry","barry-m","Democrat",122593,FALSE,"99"
"TN","District 7","2024-11-05",322304,"Greene","greene-s","Independent",7879,FALSE,"99"
"TN","District 8","2024-11-05",332160,"Kustoff","kustoff-d","Republican",240309,TRUE,"99"
"TN","District 8","2024-11-05",332160,"Freeman","freeman-s","Democrat",84993,FALSE,"99"
"TN","District 8","2024-11-05",332160,"Hart","hart-j","Independent",6858,FALSE,"99"
"TN","District 9","2024-11-05",223579,"Cohen","cohen-s","Democrat",159434,TRUE,"99"
"TN","District 9","2024-11-05",223579,"Bergmann","bergmann-c","Republican",57378,FALSE,"99"
"TN","District 9","2024-11-05",223579,"Blankenship","blankenship-w","Independent",3706,FALSE,"99"
"TN","District 9","2024-11-05",223579,"Clark","clark-d","Independent",3061,FALSE,"99"
"TX","District 1","2024-11-05",0,"Moran","moran-n","Republican",0,FALSE,"NA"
"TX","District 2","2024-11-05",325844,"Crenshaw","crenshaw-d","Republican",214150,TRUE,"99"
"TX","District 2","2024-11-05",325844,"Filler","filler-p","Democrat",111694,FALSE,"99"
"TX","District 3","2024-11-05",378936,"Self","self-k","Republican",237030,TRUE,"99"
"TX","District 3","2024-11-05",378936,"Srivastava","srivastava-s","Democrat",141906,FALSE,"99"
"TX","District 4","2024-11-05",351921,"Fallon","fallon-p","Republican",240996,TRUE,"99"
"TX","District 4","2024-11-05",351921,"Cardell","cardell-s","Democrat",110925,FALSE,"99"
"TX","District 5","2024-11-05",298499,"Gooden","gooden-l","Republican",191543,TRUE,"99"
"TX","District 5","2024-11-05",298499,"Torres","torres-r","Democrat",106956,FALSE,"99"
"TX","District 6","2024-11-05",285640,"Ellzey","ellzey-j","Republican",187727,TRUE,"99"
"TX","District 6","2024-11-05",285640,"Love","love-j","Democrat",97913,FALSE,"99"
"TX","District 7","2024-11-05",242610,"Fletcher","fletcher-l","Democrat",148406,TRUE,"99"
"TX","District 7","2024-11-05",242610,"Kane","kane-c","Republican",94204,FALSE,"99"
"TX","District 8","2024-11-05",341287,"Luttrell","luttrell-m","Republican",232986,TRUE,"99"
"TX","District 8","2024-11-05",341287,"Jones","jones-l","Democrat",108301,FALSE,"99"
"TX","District 9","2024-11-05",0,"Green","green-a","Democrat",0,FALSE,"NA"
"TX","District 10","2024-11-05",347135,"McCaul","mccaul-m","Republican",220908,TRUE,"99"
"TX","District 10","2024-11-05",347135,"Boisseau","boisseau-t","Democrat",117937,FALSE,"99"
"TX","District 10","2024-11-05",347135,"Miller","miller-j","Libertarian",8290,FALSE,"99"
"TX","District 11","2024-11-05",0,"Pfluger","pfluger-a","Republican",0,FALSE,"NA"
"TX","District 12","2024-11-05",338778,"Goldman","goldman-c","Republican",215112,TRUE,"99"
"TX","District 12","2024-11-05",338778,"Hunt","hunt-t","Democrat",123666,FALSE,"99"
"TX","District 13","2024-11-05",0,"Jackson","jackson-r","Republican",0,FALSE,"NA"
"TX","District 14","2024-11-05",305426,"Weber","weber-r","Republican",209939,TRUE,"99"
"TX","District 14","2024-11-05",305426,"Hart","hart-r","Democrat",95487,FALSE,"99"
"TX","District 15","2024-11-05",223378,"De La Cruz","de_la_cruz-m","Republican",127620,TRUE,"98.99"
"TX","District 15","2024-11-05",223378,"Vallejo","vallejo-m","Democrat",95758,FALSE,"98.99"
"TX","District 16","2024-11-05",220290,"Escobar","escobar-v","Democrat",131144,TRUE,"99"
"TX","District 16","2024-11-05",220290,"Armendariz Jackson","armendariz_jackson-i","Republican",89146,FALSE,"99"
"TX","District 17","2024-11-05",290545,"Sessions","sessions-p","Republican",192834,TRUE,"99"
"TX","District 17","2024-11-05",290545,"Lorenzen","lorenzen-m","Democrat",97711,FALSE,"99"
"TX","District 18","2024-11-05",217335,"Turner","turner-s","Democrat",150774,TRUE,"99"
"TX","District 18","2024-11-05",217335,"Centonze","centonze-l","Republican",66561,FALSE,"99"
"TX","District 19","2024-11-05",265875,"Arrington","arrington-j","Republican",214600,TRUE,"99"
"TX","District 19","2024-11-05",265875,"Lewis","lewis-n","Independent",27386,FALSE,"99"
"TX","District 19","2024-11-05",265875,"Johnson","johnson-b","Libertarian",23889,FALSE,"99"
"TX","District 20","2024-11-05",0,"Castro","castro-j","Democrat",0,FALSE,"NA"
"TX","District 21","2024-11-05",424763,"Roy","roy-c","Republican",263002,TRUE,"99"
"TX","District 21","2024-11-05",424763,"Hook","hook-k","Democrat",152900,FALSE,"99"
"TX","District 21","2024-11-05",424763,"King","king-b","Libertarian",8861,FALSE,"99"
"TX","District 22","2024-11-05",335692,"Nehls","nehls-t","Republican",208810,TRUE,"99"
"TX","District 22","2024-11-05",335692,"Greene-Scott","greenescott-m","Democrat",126882,FALSE,"99"
"TX","District 23","2024-11-05",288937,"Gonzales","gonzales-t","Republican",180148,TRUE,"99"
"TX","District 23","2024-11-05",288937,"Limon","limon-s","Democrat",108789,FALSE,"99"
"TX","District 24","2024-11-05",373310,"Van Duyne","van_duyne-b","Republican",225733,TRUE,"99"
"TX","District 24","2024-11-05",373310,"Eppler","eppler-s","Democrat",147577,FALSE,"99"
"TX","District 25","2024-11-05",0,"Williams","williams-r","Republican",0,FALSE,"NA"
"TX","District 26","2024-11-05",386363,"Gill","gill-b","Republican",240101,TRUE,"99"
"TX","District 26","2024-11-05",386363,"Lineberger","lineberger-e","Democrat",137530,FALSE,"99"
"TX","District 26","2024-11-05",386363,"Gray","gray-p","Libertarian",8732,FALSE,"99"
"TX","District 27","2024-11-05",277787,"Cloud","cloud-m","Republican",183570,TRUE,"99"
"TX","District 27","2024-11-05",277787,"Lloyd","lloyd-t","Democrat",94217,FALSE,"99"
"TX","District 28","2024-11-05",238716,"Cuellar","cuellar-h","Democrat",125033,TRUE,"98.96"
"TX","District 28","2024-11-05",238716,"Furman","furman-j","Republican",113683,FALSE,"98.96"
"TX","District 29","2024-11-05",151531,"Garcia","garcia-s","Democrat",98842,TRUE,"99"
"TX","District 29","2024-11-05",151531,"Garza","garza-a","Republican",52689,FALSE,"99"
"TX","District 30","2024-11-05",230758,"Crockett","crockett-j","Democrat",195852,TRUE,"99"
"TX","District 30","2024-11-05",230758,"Jefferson","jefferson-j","Libertarian",34906,FALSE,"99"
"TX","District 31","2024-11-05",354479,"Carter","carter-j","Republican",228520,TRUE,"99"
"TX","District 31","2024-11-05",354479,"Whitlow","whitlow-s","Democrat",125959,FALSE,"99"
"TX","District 32","2024-11-05",229660,"Johnson","johnson-j","Democrat",138545,TRUE,"99"
"TX","District 32","2024-11-05",229660,"Day","day-d","Republican",85170,FALSE,"99"
"TX","District 32","2024-11-05",229660,"Hale","hale-k","Libertarian",5945,FALSE,"99"
"TX","District 33","2024-11-05",165068,"Veasey","veasey-m","Democrat",113461,TRUE,"99"
"TX","District 33","2024-11-05",165068,"Gillespie","gillespie-p","Republican",51607,FALSE,"99"
"TX","District 34","2024-11-05",200077,"Gonzalez","gonzalez-v","Democrat",102607,TRUE,"99"
"TX","District 34","2024-11-05",200077,"Flores","flores-m","Republican",97470,FALSE,"99"
"TX","District 35","2024-11-05",252250,"Casar","casar-g","Democrat",169896,TRUE,"99"
"TX","District 35","2024-11-05",252250,"Wright","wright-s","Republican",82354,FALSE,"99"
"TX","District 36","2024-11-05",295997,"Babin","babin-b","Republican",205539,TRUE,"99"
"TX","District 36","2024-11-05",295997,"Steele","steele-d","Democrat",90458,FALSE,"99"
"TX","District 37","2024-11-05",340208,"Doggett","doggett-l","Democrat",252442,TRUE,"99"
"TX","District 37","2024-11-05",340208,"Garcia Sharon","garcia_sharon-j","Republican",80267,FALSE,"99"
"TX","District 37","2024-11-05",340208,"Altekar","altekar-g","Libertarian",7499,FALSE,"99"
"TX","District 38","2024-11-05",340484,"Hunt","hunt-w","Republican",214076,TRUE,"99"
"TX","District 38","2024-11-05",340484,"McDonough","mcdonough-m","Democrat",126408,FALSE,"99"
"UT","District 1","2024-11-05",331887,"Moore","moore-b","Republican",211389,TRUE,"92.26"
"UT","District 1","2024-11-05",331887,"Campbell","campbell-b","Democrat",105116,FALSE,"92.26"
"UT","District 1","2024-11-05",331887,"Cottam","cottam-d","Libertarian",15382,FALSE,"92.26"
"UT","District 2","2024-11-05",314219,"Maloy","maloy-c","Republican",183920,TRUE,"85.48"
"UT","District 2","2024-11-05",314219,"Woodward","woodward-n","Democrat",106546,FALSE,"85.48"
"UT","District 2","2024-11-05",314219,"Easley","easley-c","Constitution",17114,FALSE,"85.48"
"UT","District 2","2024-11-05",314219,"Murset","murset-t","Independent",6639,FALSE,"85.48"
"UT","District 3","2024-11-05",300629,"Kennedy","kennedy-m","Republican",196932,TRUE,"76.22"
"UT","District 3","2024-11-05",300629,"Wright","wright-g","Democrat",103697,FALSE,"76.22"
"UT","District 4","2024-11-05",304270,"Owens","owens-b","Republican",191264,TRUE,"76.02"
"UT","District 4","2024-11-05",304270,"Fallick-Wang","fallickwang-k","Democrat",94595,FALSE,"76.02"
"UT","District 4","2024-11-05",304270,"Cook","cook-v","United Utah",13757,FALSE,"76.02"
"UT","District 4","2024-11-05",304270,"Bullard","bullard-e","Independent",4654,FALSE,"76.02"
"VT","District 1","2024-11-05",349756,"Balint","balint-b","Democrat",218418,TRUE,"99"
"VT","District 1","2024-11-05",349756,"Coester","coester-m","Republican",104451,FALSE,"99"
"VT","District 1","2024-11-05",349756,"Ortiz","ortiz-a","Independent",19285,FALSE,"99"
"VT","District 1","2024-11-05",349756,"Diamondstone","diamondstone-j","Other",7602,FALSE,"99"
"VA","District 1","2024-11-05",469493,"Wittman","wittman-r","Republican",266370,TRUE,"98.5"
"VA","District 1","2024-11-05",469493,"Mehta","mehta-l","Democrat",203123,FALSE,"98.5"
"VA","District 2","2024-11-05",393873,"Kiggans","kiggans-j","Republican",201023,TRUE,"99"
"VA","District 2","2024-11-05",393873,"Cotter Smasal","cotter_smasal-m","Democrat",184174,FALSE,"99"
"VA","District 2","2024-11-05",393873,"Reid","reid-r","Independent",8676,FALSE,"99"
"VA","District 3","2024-11-05",300126,"Scott","scott-r","Democrat",209741,TRUE,"98.75"
"VA","District 3","2024-11-05",300126,"Sitka","sitka-j","Republican",90385,FALSE,"98.75"
"VA","District 4","2024-11-05",359760,"McClellan","mcclellan-j","Democrat",241108,TRUE,"99"
"VA","District 4","2024-11-05",359760,"Moher","moher-w","Republican",118652,FALSE,"99"
"VA","District 5","2024-11-05",421362,"McGuire","mcguire-j","Republican",242947,TRUE,"98.76"
"VA","District 5","2024-11-05",421362,"Witt","witt-g","Democrat",178415,FALSE,"98.76"
"VA","District 6","2024-11-05",393103,"Cline","cline-b","Republican",249823,TRUE,"98.99"
"VA","District 6","2024-11-05",393103,"Mitchell","mitchell-k","Democrat",135752,FALSE,"98.99"
"VA","District 6","2024-11-05",393103,"Wells","wells-r","Independent",7528,FALSE,"98.99"
"VA","District 7","2024-11-05",382419,"Vindman","vindman-e","Democrat",195340,TRUE,"97.5"
"VA","District 7","2024-11-05",382419,"Anderson","anderson-d","Republican",187079,FALSE,"97.5"
"VA","District 8","2024-11-05",362635,"Beyer","beyer-d","Democrat",260665,TRUE,"98.03"
"VA","District 8","2024-11-05",362635,"Torres","torres-j","Republican",89825,FALSE,"98.03"
"VA","District 8","2024-11-05",362635,"Kennedy","kennedy-d","Independent",8860,FALSE,"98.03"
"VA","District 8","2024-11-05",362635,"Hensel","hensel-b","Independent",3285,FALSE,"98.03"
"VA","District 9","2024-11-05",389653,"Griffith","griffith-m","Republican",284219,TRUE,"98.51"
"VA","District 9","2024-11-05",389653,"Baker","baker-k","Democrat",105434,FALSE,"98.51"
"VA","District 10","2024-11-05",397387,"Subramanyam","subramanyam-s","Democrat",207131,TRUE,"98.24"
"VA","District 10","2024-11-05",397387,"Clancy","clancy-m","Republican",190256,FALSE,"98.24"
"VA","District 11","2024-11-05",388581,"Connolly","connolly-g","Democrat",259487,TRUE,"99"
"VA","District 11","2024-11-05",388581,"Van Meter","van_meter-m","Republican",129094,FALSE,"99"
"WA","District 1","2024-11-05",338005,"DelBene","delbene-s","Democrat",213426,TRUE,"93.46"
"WA","District 1","2024-11-05",338005,"Brewer","brewer-j","Republican",124579,FALSE,"93.46"
"WA","District 2","2024-11-05",368338,"Larsen","larsen-r","Democrat",237729,TRUE,"88.56"
"WA","District 2","2024-11-05",368338,"Hart","hart-c","Republican",130609,FALSE,"88.56"
"WA","District 3","2024-11-05",381843,"Gluesenkamp Perez","gluesenkamp_perez-m","Democrat",198559,TRUE,"92"
"WA","District 3","2024-11-05",381843,"Kent","kent-j","Republican",183284,FALSE,"92"
"WA","District 4","2024-11-05",224898,"Newhouse","newhouse-d","Republican",117676,TRUE,"80.49"
"WA","District 4","2024-11-05",224898,"Sessler","sessler-j","Republican",107222,FALSE,"80.49"
"WA","District 5","2024-11-05",342763,"Baumgartner","baumgartner-m","Republican",206753,TRUE,"85.26"
"WA","District 5","2024-11-05",342763,"Conroy","conroy-c","Democrat",136010,FALSE,"85.26"
"WA","District 6","2024-11-05",371775,"Randall","randall-e","Democrat",211207,TRUE,"88.66"
"WA","District 6","2024-11-05",371775,"MacEwen","macewen-d","Republican",160568,FALSE,"88.66"
"WA","District 7","2024-11-05",384554,"Jayapal","jayapal-p","Democrat",324181,TRUE,"91"
"WA","District 7","2024-11-05",384554,"Alexander","alexander-d","Republican",60373,FALSE,"91"
"WA","District 8","2024-11-05",394796,"Schrier","schrier-k","Democrat",212844,TRUE,"93.35"
"WA","District 8","2024-11-05",394796,"Goers","goers-c","Republican",181952,FALSE,"93.35"
"WA","District 9","2024-11-05",249979,"Smith","smith-a","Democrat",169641,TRUE,"91"
"WA","District 9","2024-11-05",249979,"Chaudhry","chaudhry-m","Democrat",80338,FALSE,"91"
"WA","District 10","2024-11-05",309122,"Strickland","strickland-m","Democrat",180867,TRUE,"89.05"
"WA","District 10","2024-11-05",309122,"Hewett","hewett-d","Republican",128255,FALSE,"89.05"
"WV","District 1","2024-11-05",342025,"Miller","miller-c","Republican",227194,TRUE,"96.29"
"WV","District 1","2024-11-05",342025,"Reed","reed-c","Democrat",89355,FALSE,"96.29"
"WV","District 1","2024-11-05",342025,"Holden","holden-w","Independent",25476,FALSE,"96.29"
"WV","District 2","2024-11-05",371409,"Moore","moore-r","Republican",263749,TRUE,"98.9"
"WV","District 2","2024-11-05",371409,"Wendelin","wendelin-s","Democrat",107660,FALSE,"98.9"
"WI","District 1","2024-11-05",393042,"Steil","steil-b","Republican",212483,TRUE,"99"
"WI","District 1","2024-11-05",393042,"Barca","barca-p","Democrat",172371,FALSE,"99"
"WI","District 1","2024-11-05",393042,"Todd","todd-c","Green",8188,FALSE,"99"
"WI","District 2","2024-11-05",456632,"Pocan","pocan-m","Democrat",320283,TRUE,"99"
"WI","District 2","2024-11-05",456632,"Olsen","olsen-e","Republican",136349,FALSE,"99"
"WI","District 3","2024-11-05",412254,"Van Orden","van_orden-d","Republican",211697,TRUE,"99"
"WI","District 3","2024-11-05",412254,"Cooke","cooke-r","Democrat",200557,FALSE,"99"
"WI","District 4","2024-11-05",333631,"Moore","moore-g","Democrat",249919,TRUE,"99"
"WI","District 4","2024-11-05",333631,"Rogers","rogers-t","Republican",74920,FALSE,"99"
"WI","District 4","2024-11-05",333631,"Raymond","raymond-r","Independent",8792,FALSE,"99"
"WI","District 5","2024-11-05",466150,"Fitzgerald","fitzgerald-s","Republican",300512,TRUE,"99"
"WI","District 5","2024-11-05",466150,"Steinhoff","steinhoff-b","Democrat",165638,FALSE,"99"
"WI","District 6","2024-11-05",411792,"Grothman","grothman-g","Republican",251791,TRUE,"99"
"WI","District 6","2024-11-05",411792,"Zarbano","zarbano-j","Democrat",160001,FALSE,"99"
"WI","District 7","2024-11-05",430183,"Tiffany","tiffany-t","Republican",273611,TRUE,"98.85"
"WI","District 7","2024-11-05",430183,"Kilbourn","kilbourn-k","Democrat",156572,FALSE,"98.85"
"WI","District 8","2024-11-05",418835,"Wied","wied-t","Republican",240214,TRUE,"98.95"
"WI","District 8","2024-11-05",418835,"Lyerly","lyerly-k","Democrat",178621,FALSE,"98.95"
"WY","District 1","2024-11-05",259968,"Hageman","hageman-h","Republican",184626,TRUE,"97.17"
"WY","District 1","2024-11-05",259968,"Cameron","cameron-k","Democrat",60763,FALSE,"97.17"
"WY","District 1","2024-11-05",259968,"Brubaker","brubaker-r","Libertarian",9219,FALSE,"97.17"
"WY","District 1","2024-11-05",259968,"Haggit","haggit-j","Constitution",5360,FALSE,"97.17"
